Fecha,Edad,Genero,Estado_Civil,Estado_Ocupacional,Usa_Redes_Sociales,Plataformas_de_Redes_Sociales,Tiempo_en_Redes_Sociales,Uso_sin_Proposito,Distraccion_por_Redes_Sociales,Inquietud_sin_Redes_Sociales,Facilidad_de_Distraccion,Preocupaciones,Dificultad_de_Concentracion,Comparacion_con_Otros,Sentimientos_sobre_Comparaciones,Busqueda_de_Validacion,Sentimientos_de_Depresion,Fluctuacion_de_Interes_en_Actividades_Diarias,Problemas_de_Sueno
4/18/2022 19:18:47,21.0,Hombre,En una relación,Estudiante Universitario,Sí,"Facebook, Twitter, Instagram, YouTube, Discord, Reddit",Between 2 and 3 hours,5.0,3.0,2.0,5.0,2.0,5.0,2.0,3.0,2.0,Muy Alto,4.0,5.0
4/18/2022 19:19:28,21.0,Mujer,Soltero,Estudiante Universitario,Sí,"Facebook, Twitter, Instagram, YouTube, Discord, Reddit",More than 5 hours,4.0,3.0,2.0,4.0,5.0,4.0,5.0,1.0,1.0,Muy Alto,4.0,5.0
4/18/2022 19:25:59,21.0,Mujer,Soltero,Estudiante Universitario,Sí,"Facebook, Instagram, YouTube, Pinterest",Between 3 and 4 hours,3.0,2.0,1.0,2.0,5.0,4.0,3.0,3.0,1.0,Alto,2.0,5.0
4/18/2022 19:29:43,21.0,Mujer,Soltero,Estudiante Universitario,Sí,"Facebook, Instagram",More than 5 hours,4.0,2.0,1.0,3.0,5.0,3.0,5.0,1.0,2.0,Alto,3.0,2.0
4/18/2022 19:33:31,21.0,Mujer,Soltero,Estudiante Universitario,Sí,"Facebook, Instagram, YouTube",Between 2 and 3 hours,3.0,5.0,4.0,4.0,5.0,5.0,3.0,3.0,3.0,Alto,4.0,1.0
4/18/2022 19:33:48,22.0,Mujer,Soltero,Estudiante Universitario,Sí,"Facebook, Twitter, Instagram, YouTube, Discord, Pinterest, TikTok",Between 2 and 3 hours,4.0,4.0,2.0,3.0,4.0,3.0,4.0,4.0,3.0,Medio,2.0,4.0
4/18/2022 19:36:12,21.0,Mujer,Casado,Estudiante Universitario,Sí,"Facebook, Instagram, YouTube, Snapchat, TikTok",Between 3 and 4 hours,4.0,3.0,2.0,2.0,4.0,3.0,5.0,3.0,4.0,Muy Alto,5.0,3.0
4/18/2022 19:36:17,21.0,Mujer,En una relación,Estudiante Universitario,Sí,"Facebook, Instagram, YouTube",More than 5 hours,5.0,2.0,3.0,3.0,3.0,1.0,1.0,3.0,1.0,Muy Alto,5.0,1.0
4/18/2022 19:39:36,21.0,Mujer,En una relación,Estudiante Universitario,Sí,"Facebook, Instagram, YouTube",More than 5 hours,5.0,2.0,3.0,3.0,1.0,1.0,1.0,3.0,1.0,Muy Alto,5.0,1.0
4/18/2022 19:41:34,20.0,Hombre,Soltero,Estudiante Universitario,No,"Reddit, Pinterest",Less than an Hour,1.0,1.0,1.0,1.0,1.0,1.0,1.0,1.0,1.0,Muy Bajo,1.0,1.0
4/18/2022 19:44:06,24.0,Hombre,Soltero,Estudiante Universitario,Sí,"Facebook, Instagram, YouTube, Discord",Between 2 and 3 hours,5.0,5.0,2.0,4.0,3.0,5.0,4.0,2.0,3.0,Muy Alto,4.0,5.0
4/18/2022 19:44:10,21.0,Mujer,Soltero,Estudiante Universitario,Sí,"Facebook, Instagram, YouTube, Snapchat, Discord, Reddit, Pinterest, TikTok",Between 3 and 4 hours,4.0,4.0,2.0,5.0,3.0,4.0,2.0,2.0,3.0,Medio,4.0,2.0
4/18/2022 19:56:24,22.0,Mujer,Soltero,Estudiante Universitario,Sí,"Facebook, Twitter, Instagram, YouTube, Snapchat, Discord, Reddit, Pinterest",Between 3 and 4 hours,3.0,4.0,2.0,4.0,4.0,2.0,4.0,2.0,1.0,Medio,1.0,5.0
4/18/2022 19:57:04,21.0,Mujer,Soltero,Estudiante Universitario,Sí,"Facebook, Twitter, Instagram, YouTube, Snapchat, Reddit, Pinterest",Between 3 and 4 hours,5.0,3.0,2.0,1.0,4.0,4.0,2.0,3.0,2.0,Medio,3.0,3.0
4/18/2022 19:59:08,22.0,Hombre,Soltero,Estudiante Universitario,Sí,"Facebook, YouTube, Pinterest",More than 5 hours,5.0,5.0,5.0,5.0,5.0,5.0,5.0,5.0,5.0,Muy Alto,5.0,5.0
4/18/2022 20:15:31,23.0,Hombre,En una relación,Estudiante Universitario,Sí,"Facebook, Instagram, YouTube, Reddit",Between 1 and 2 hours,3.0,4.0,2.0,3.0,4.0,4.0,3.0,2.0,2.0,Medio,4.0,2.0
4/18/2022 20:15:38,21.0,Hombre,Soltero,Estudiante Universitario,Sí,"Facebook, YouTube, Discord",Less than an Hour,2.0,2.0,1.0,2.0,4.0,2.0,1.0,3.0,1.0,Alto,1.0,3.0
4/18/2022 20:21:09,25.0,Hombre,Soltero,School Student,Sí,"Facebook, Instagram, YouTube, Reddit",Between 4 and 5 hours,5.0,5.0,4.0,4.0,3.0,3.0,1.0,4.0,2.0,Bajo,2.0,2.0
4/18/2022 20:22:02,28.0,Hombre,Soltero,Estudiante Universitario,Sí,"Facebook, YouTube, Discord, Reddit",Between 1 and 2 hours,3.0,4.0,2.0,4.0,5.0,5.0,2.0,3.0,1.0,Medio,3.0,1.0
4/18/2022 20:28:03,34.0,Hombre,Divorciado,Trabajador Asalariado,Sí,"Facebook, Twitter, Instagram, YouTube",Between 1 and 2 hours,2.0,4.0,3.0,3.0,4.0,1.0,1.0,5.0,3.0,Bajo,2.0,2.0
4/18/2022 20:31:53,22.0,Hombre,En una relación,Estudiante Universitario,Sí,"Facebook, Instagram, YouTube, Discord, Reddit",Between 2 and 3 hours,4.0,2.0,2.0,3.0,3.0,2.0,2.0,2.0,1.0,Bajo,3.0,2.0
4/18/2022 20:32:59,23.0,Hombre,Soltero,Estudiante Universitario,Sí,"Facebook, Twitter, Instagram, YouTube, Discord, Reddit, TikTok",More than 5 hours,3.0,2.0,4.0,2.0,4.0,2.0,5.0,2.0,1.0,Medio,3.0,1.0
4/18/2022 20:33:36,26.0,Mujer,Soltero,Estudiante Universitario,Sí,"Facebook, Instagram, YouTube, Pinterest",Between 3 and 4 hours,3.0,4.0,3.0,3.0,4.0,4.0,4.0,3.0,3.0,Alto,4.0,4.0
4/18/2022 20:35:50,23.0,Mujer,Casado,Estudiante Universitario,Sí,"Facebook, Instagram, YouTube, Snapchat, Pinterest",Between 1 and 2 hours,3.0,2.0,2.0,4.0,4.0,3.0,3.0,2.0,3.0,Alto,4.0,1.0
4/18/2022 20:36:42,23.0,Hombre,Soltero,Estudiante Universitario,Sí,"Facebook, Twitter, YouTube, Discord",Between 3 and 4 hours,3.0,3.0,5.0,5.0,5.0,5.0,4.0,1.0,3.0,Medio,5.0,5.0
4/18/2022 20:38:00,35.0,Mujer,Casado,Trabajador Asalariado,Sí,"Facebook, YouTube",Between 3 and 4 hours,4.0,4.0,3.0,3.0,3.0,3.0,4.0,4.0,4.0,Alto,2.0,2.0
4/18/2022 20:38:08,20.0,Hombre,Soltero,Estudiante Universitario,Sí,"Facebook, Instagram, YouTube, Discord",Between 3 and 4 hours,4.0,4.0,3.0,3.0,3.0,4.0,2.0,3.0,3.0,Alto,3.0,4.0
4/18/2022 20:40:47,35.0,Hombre,Casado,Trabajador Asalariado,Sí,"Facebook, Twitter, Instagram, YouTube",Between 2 and 3 hours,2.0,4.0,4.0,4.0,4.0,4.0,4.0,4.0,4.0,Alto,4.0,5.0
4/18/2022 20:42:23,22.0,Mujer,En una relación,Estudiante Universitario,Sí,"Facebook, Instagram, YouTube, Snapchat, Discord, Pinterest, TikTok",Between 4 and 5 hours,3.0,4.0,3.0,4.0,5.0,4.0,4.0,3.0,2.0,Alto,4.0,1.0
4/18/2022 20:45:33,21.0,Mujer,Soltero,Estudiante Universitario,Sí,"Facebook, Instagram, YouTube, Snapchat, Discord",Between 3 and 4 hours,4.0,4.0,5.0,5.0,5.0,4.0,4.0,4.0,3.0,Muy Alto,4.0,1.0
4/18/2022 20:49:37,22.0,Mujer,En una relación,Estudiante Universitario,Sí,"Facebook, Instagram, YouTube, Discord",Between 3 and 4 hours,4.0,4.0,3.0,3.0,5.0,4.0,5.0,2.0,3.0,Muy Alto,4.0,3.0
4/18/2022 20:50:39,35.0,Hombre,Casado,Trabajador Asalariado,Sí,"Facebook, YouTube, Pinterest",Between 2 and 3 hours,3.0,4.0,3.0,3.0,3.0,2.0,2.0,2.0,2.0,Medio,4.0,2.0
4/18/2022 20:52:05,24.0,Hombre,Soltero,Trabajador Asalariado,Sí,"Facebook, Instagram, YouTube, TikTok",Between 2 and 3 hours,3.0,3.0,3.0,3.0,3.0,4.0,2.0,3.0,3.0,Bajo,3.0,3.0
4/18/2022 20:53:37,18.0,Mujer,Soltero,School Student,Sí,"Facebook, Instagram, YouTube, Discord, Pinterest",Between 2 and 3 hours,4.0,3.0,3.0,3.0,4.0,3.0,3.0,2.0,4.0,Medio,3.0,2.0
4/18/2022 20:54:50,19.0,Mujer,Soltero,Estudiante Universitario,Sí,"Facebook, Instagram, YouTube, Discord",Between 3 and 4 hours,5.0,5.0,5.0,5.0,5.0,5.0,2.0,3.0,1.0,Muy Alto,4.0,4.0
4/18/2022 20:55:44,21.0,Nonbinary ,Soltero,Estudiante Universitario,Sí,"Facebook, Twitter, Instagram, YouTube, Discord",More than 5 hours,3.0,4.0,5.0,4.0,4.0,5.0,1.0,3.0,1.0,Alto,2.0,1.0
4/18/2022 20:55:48,21.0,Hombre,Soltero,Estudiante Universitario,Sí,"Facebook, Instagram",Between 3 and 4 hours,5.0,3.0,4.0,3.0,2.0,3.0,5.0,3.0,4.0,Medio,3.0,1.0
4/18/2022 21:02:52,23.0,Hombre,Soltero,Estudiante Universitario,Sí,"Facebook, Twitter, Instagram, YouTube, Snapchat, Discord, Reddit",Less than an Hour,2.0,3.0,1.0,1.0,1.0,3.0,1.0,3.0,1.0,Muy Alto,4.0,5.0
4/18/2022 21:22:13,22.0,Mujer,Soltero,Estudiante Universitario,Sí,"Facebook, Instagram, YouTube, Snapchat, Pinterest",Between 3 and 4 hours,4.0,5.0,5.0,4.0,4.0,4.0,2.0,3.0,3.0,Bajo,2.0,5.0
4/18/2022 21:24:02,22.0,Hombre,Soltero,Estudiante Universitario,Sí,"Facebook, YouTube, Discord",Between 2 and 3 hours,4.0,4.0,2.0,4.0,3.0,5.0,1.0,3.0,1.0,Muy Bajo,3.0,4.0
4/18/2022 21:32:37,21.0,Mujer,Soltero,Estudiante Universitario,Sí,"Facebook, Instagram, YouTube, Snapchat",Between 1 and 2 hours,1.0,1.0,1.0,1.0,1.0,1.0,2.0,1.0,2.0,Medio,3.0,1.0
4/18/2022 21:42:54,21.0,Mujer,Soltero,Estudiante Universitario,Sí,"Facebook, Instagram, YouTube, Snapchat",Between 3 and 4 hours,3.0,5.0,2.0,3.0,3.0,3.0,3.0,4.0,2.0,Alto,2.0,2.0
4/18/2022 21:48:07,56.0,Mujer,Casado,Jubilado,Sí,YouTube,Between 1 and 2 hours,1.0,1.0,1.0,1.0,3.0,1.0,1.0,3.0,1.0,Bajo,3.0,1.0
4/18/2022 21:48:34,19.0,Mujer,Soltero,School Student,Sí,"Facebook, Instagram, YouTube, Snapchat, Pinterest",More than 5 hours,3.0,2.0,4.0,4.0,5.0,4.0,5.0,2.0,1.0,Muy Alto,4.0,2.0
4/18/2022 21:49:19,24.0,Hombre,Soltero,Trabajador Asalariado,Sí,"Twitter, Discord, Reddit",More than 5 hours,5.0,1.0,1.0,3.0,3.0,3.0,1.0,3.0,3.0,Medio,3.0,3.0
4/18/2022 21:50:33,22.0,Mujer,En una relación,Estudiante Universitario,Sí,"Facebook, Instagram, YouTube",More than 5 hours,4.0,5.0,4.0,4.0,5.0,2.0,3.0,3.0,3.0,Medio,2.0,3.0
4/18/2022 21:55:35,65.0,Hombre,Casado,Jubilado,Sí,"Facebook, YouTube",Between 3 and 4 hours,5.0,3.0,2.0,2.0,2.0,1.0,3.0,4.0,3.0,Muy Bajo,3.0,2.0
4/18/2022 22:00:21,17.0,Mujer,Soltero,School Student,Sí,"Instagram, YouTube, Reddit, Pinterest",Between 3 and 4 hours,4.0,3.0,1.0,3.0,5.0,3.0,4.0,2.0,1.0,Medio,5.0,1.0
4/18/2022 22:04:59,40.0,Hombre,Casado,Trabajador Asalariado,Sí,"Twitter, YouTube, Reddit",Between 2 and 3 hours,3.0,3.0,3.0,3.0,2.0,3.0,2.0,3.0,1.0,Bajo,2.0,1.0
4/18/2022 22:07:08,33.0,Mujer,Soltero,Trabajador Asalariado,Sí,"Facebook, YouTube",Between 3 and 4 hours,3.0,3.0,1.0,3.0,2.0,1.0,2.0,2.0,1.0,Muy Bajo,1.0,1.0
4/18/2022 22:11:57,22.0,Mujer,Soltero,Estudiante Universitario,Sí,"Facebook, Twitter, Instagram, YouTube, Snapchat, Discord, Reddit, Pinterest, TikTok",Between 3 and 4 hours,4.0,4.0,3.0,4.0,3.0,2.0,1.0,3.0,3.0,Medio,4.0,4.0
4/18/2022 22:20:42,24.0,Hombre,Soltero,Trabajador Asalariado,Sí,"YouTube, Snapchat, Discord",More than 5 hours,5.0,5.0,5.0,5.0,4.0,5.0,2.0,2.0,1.0,Medio,5.0,1.0
4/18/2022 22:23:35,26.0,Hombre,Soltero,Estudiante Universitario,Sí,Facebook,Less than an Hour,3.0,5.0,3.0,5.0,5.0,5.0,5.0,5.0,5.0,Muy Alto,5.0,5.0
4/18/2022 22:30:15,55.0,Hombre,Casado,Trabajador Asalariado,Sí,"Discord, Reddit",Between 1 and 2 hours,3.0,2.0,1.0,3.0,2.0,1.0,1.0,3.0,1.0,Muy Bajo,2.0,1.0
4/18/2022 22:35:53,26.0,Hombre,En una relación,Trabajador Asalariado,No,"YouTube, Discord, Reddit",Between 1 and 2 hours,4.0,1.0,1.0,2.0,2.0,1.0,1.0,3.0,1.0,Muy Bajo,3.0,2.0
4/18/2022 22:39:40,27.0,Hombre,Soltero,Estudiante Universitario,Sí,"Facebook, Twitter, Instagram, YouTube, Snapchat, Reddit, TikTok",More than 5 hours,2.0,5.0,5.0,4.0,4.0,5.0,3.0,3.0,4.0,Muy Alto,2.0,3.0
4/18/2022 22:42:46,22.0,Hombre,Casado,Estudiante Universitario,Sí,"Facebook, Instagram, YouTube, Snapchat, Discord, Reddit",More than 5 hours,3.0,2.0,1.0,2.0,4.0,2.0,1.0,3.0,1.0,Medio,4.0,2.0
4/18/2022 22:43:04,19.0,Mujer,Soltero,School Student,Sí,"Facebook, Instagram, YouTube, Discord, Pinterest",Between 2 and 3 hours,3.0,2.0,2.0,2.0,4.0,3.0,3.0,3.0,2.0,Alto,4.0,5.0
4/18/2022 22:51:44,22.0,Mujer,Casado,Estudiante Universitario,Sí,"Facebook, Twitter, Instagram, YouTube, Snapchat, Discord, Reddit, Pinterest, TikTok",Between 2 and 3 hours,4.0,5.0,2.0,4.0,4.0,4.0,3.0,3.0,4.0,Muy Alto,4.0,2.0
4/18/2022 23:00:23,20.0,Mujer,Casado,Estudiante Universitario,Sí,"Instagram, Reddit",Between 1 and 2 hours,1.0,1.0,1.0,2.0,2.0,2.0,1.0,3.0,1.0,Muy Bajo,3.0,5.0
4/18/2022 23:05:21,25.0,Mujer,Soltero,Estudiante Universitario,Sí,"Facebook, Twitter, Instagram, YouTube, Discord",More than 5 hours,4.0,3.0,3.0,4.0,4.0,4.0,2.0,2.0,2.0,Alto,3.0,4.0
4/18/2022 23:11:49,25.0,Mujer,Casado,Estudiante Universitario,Sí,"YouTube, Reddit",Between 1 and 2 hours,2.0,2.0,1.0,3.0,5.0,4.0,5.0,2.0,4.0,Alto,5.0,4.0
4/18/2022 23:12:03,18.0,Mujer,Soltero,Estudiante Universitario,Sí,"Facebook, Instagram, YouTube, Pinterest",More than 5 hours,4.0,4.0,3.0,5.0,4.0,3.0,1.0,3.0,1.0,Muy Alto,4.0,5.0
4/18/2022 23:19:30,25.0,Hombre,Soltero,Trabajador Asalariado,Sí,Reddit,Between 1 and 2 hours,3.0,1.0,1.0,3.0,2.0,4.0,1.0,3.0,1.0,Muy Alto,1.0,5.0
4/18/2022 23:23:52,19.0,Mujer,Soltero,Estudiante Universitario,Sí,"Discord, Reddit",Between 2 and 3 hours,2.0,3.0,1.0,5.0,3.0,5.0,1.0,3.0,1.0,Muy Bajo,5.0,4.0
4/18/2022 23:38:02,24.0,Hombre,En una relación,School Student,Sí,"YouTube, Discord, Reddit",Between 1 and 2 hours,3.0,2.0,4.0,3.0,2.0,2.0,1.0,3.0,2.0,Bajo,4.0,4.0
4/18/2022 23:45:43,21.0,Hombre,En una relación,Estudiante Universitario,Sí,"Facebook, Instagram, Reddit, TikTok",Between 3 and 4 hours,5.0,5.0,5.0,5.0,5.0,5.0,5.0,2.0,4.0,Alto,4.0,1.0
4/19/2022 0:10:02,18.0,Non-binary,Soltero,School Student,Sí,"Twitter, Instagram, YouTube, Reddit, TikTok",Between 2 and 3 hours,2.0,1.0,2.0,3.0,5.0,3.0,2.0,3.0,2.0,Alto,2.0,4.0
4/19/2022 0:11:52,14.0,Hombre,Soltero,School Student,Sí,Reddit,Between 1 and 2 hours,4.0,2.0,2.0,3.0,5.0,3.0,3.0,4.0,2.0,Alto,4.0,4.0
4/19/2022 0:15:22,25.0,Hombre,Soltero,Estudiante Universitario,Sí,"YouTube, Snapchat, Discord, Reddit",Between 3 and 4 hours,4.0,4.0,3.0,3.0,3.0,2.0,3.0,2.0,2.0,Medio,4.0,4.0
4/19/2022 0:18:43,33.0,Hombre,Casado,Trabajador Asalariado,Sí,"Instagram, YouTube",Between 3 and 4 hours,2.0,4.0,3.0,2.0,2.0,2.0,1.0,1.0,1.0,Muy Bajo,2.0,2.0
4/19/2022 0:24:52,23.0,Hombre,Soltero,School Student,Sí,"Instagram, YouTube, Discord, Reddit",Between 2 and 3 hours,5.0,5.0,5.0,5.0,5.0,5.0,5.0,5.0,5.0,Muy Alto,5.0,5.0
4/19/2022 0:28:13,14.0,Mujer,Soltero,School Student,Sí,"Twitter, Instagram, YouTube, Snapchat, Reddit, Pinterest, TikTok",More than 5 hours,4.0,4.0,2.0,2.0,4.0,2.0,4.0,2.0,4.0,Alto,4.0,5.0
4/19/2022 0:32:37,38.0,Hombre,Casado,Trabajador Asalariado,Sí,"Twitter, YouTube, Discord, Reddit",Between 1 and 2 hours,5.0,2.0,1.0,3.0,2.0,1.0,1.0,3.0,1.0,Bajo,1.0,2.0
4/19/2022 1:16:34,23.0,Mujer,Soltero,Jubilado,Sí,"Facebook, YouTube, Discord, Reddit",Between 4 and 5 hours,4.0,4.0,3.0,3.0,4.0,5.0,3.0,2.0,4.0,Muy Alto,5.0,4.0
4/19/2022 1:41:19,26.0,Hombre,Soltero,Trabajador Asalariado,Sí,Reddit,Less than an Hour,2.0,1.0,1.0,3.0,2.0,1.0,1.0,1.0,1.0,Bajo,3.0,4.0
4/19/2022 1:59:08,24.0,Hombre,Soltero,Estudiante Universitario,Sí,"Facebook, YouTube, Reddit",Between 2 and 3 hours,4.0,5.0,3.0,4.0,3.0,2.0,2.0,3.0,4.0,Muy Alto,4.0,2.0
4/19/2022 2:06:40,21.0,Mujer,Soltero,Estudiante Universitario,Sí,"Facebook, Twitter, Instagram, YouTube, Snapchat, Discord, TikTok",Between 3 and 4 hours,4.0,3.0,4.0,4.0,5.0,4.0,5.0,1.0,2.0,Alto,4.0,2.0
4/19/2022 2:18:48,18.0,Mujer,Soltero,Estudiante Universitario,Sí,"Facebook, YouTube, Reddit",Between 3 and 4 hours,4.0,3.0,3.0,3.0,5.0,5.0,4.0,3.0,1.0,Muy Alto,5.0,5.0
4/19/2022 2:27:30,28.0,Hombre,Soltero,Estudiante Universitario,Sí,"Facebook, YouTube, Discord, Reddit",Between 3 and 4 hours,2.0,5.0,4.0,3.0,5.0,5.0,5.0,2.0,1.0,Muy Alto,3.0,5.0
4/19/2022 2:58:24,22.0,Hombre,Soltero,Estudiante Universitario,Sí,"Twitter, Instagram, YouTube, Snapchat, Discord, Reddit",Between 2 and 3 hours,4.0,4.0,4.0,5.0,5.0,5.0,3.0,3.0,1.0,Alto,4.0,5.0
4/19/2022 3:40:47,21.0,Hombre,Soltero,Estudiante Universitario,Sí,"Facebook, Instagram, YouTube, Snapchat, Discord, Reddit, Pinterest",More than 5 hours,4.0,4.0,2.0,5.0,4.0,4.0,3.0,3.0,2.0,Muy Bajo,5.0,4.0
4/19/2022 4:53:05,21.0,Hombre,Soltero,Estudiante Universitario,Sí,"Instagram, YouTube, Snapchat, Discord, Reddit",More than 5 hours,5.0,5.0,3.0,5.0,4.0,5.0,2.0,3.0,2.0,Alto,5.0,2.0
4/19/2022 5:20:55,21.0,Mujer,En una relación,Estudiante Universitario,Sí,"Facebook, Instagram, YouTube, Pinterest",Between 4 and 5 hours,3.0,5.0,5.0,5.0,3.0,5.0,4.0,4.0,3.0,Alto,5.0,5.0
4/19/2022 6:31:10,17.0,Hombre,Soltero,School Student,Sí,"Facebook, Twitter, Instagram, YouTube, Reddit",Between 2 and 3 hours,4.0,4.0,3.0,4.0,5.0,4.0,3.0,2.0,4.0,Bajo,4.0,2.0
4/19/2022 7:10:09,24.0,NB,Soltero,Trabajador Asalariado,Sí,"YouTube, Reddit",Between 2 and 3 hours,4.0,3.0,2.0,3.0,5.0,2.0,3.0,2.0,2.0,Alto,3.0,1.0
4/19/2022 8:27:50,22.0,Mujer,En una relación,Estudiante Universitario,Sí,"Facebook, YouTube",Between 1 and 2 hours,3.0,4.0,3.0,4.0,1.0,3.0,1.0,2.0,2.0,Bajo,4.0,4.0
4/19/2022 8:36:53,32.0,Mujer,Casado,Trabajador Asalariado,Sí,Reddit,Between 1 and 2 hours,4.0,3.0,2.0,5.0,2.0,5.0,2.0,4.0,1.0,Muy Bajo,2.0,1.0
4/19/2022 8:38:23,22.0,Hombre,Soltero,Estudiante Universitario,Sí,"Facebook, YouTube",Between 2 and 3 hours,5.0,4.0,2.0,2.0,1.0,3.0,1.0,3.0,5.0,Medio,2.0,2.0
4/19/2022 9:17:32,20.0,Mujer,En una relación,Estudiante Universitario,Sí,"Facebook, Instagram, YouTube, Snapchat, Pinterest",Between 2 and 3 hours,4.0,5.0,4.0,5.0,5.0,5.0,4.0,2.0,4.0,Muy Alto,5.0,4.0
4/19/2022 9:18:11,22.0,Hombre,En una relación,Estudiante Universitario,Sí,"Facebook, Instagram, YouTube, Snapchat",Between 2 and 3 hours,3.0,5.0,2.0,4.0,4.0,4.0,2.0,3.0,2.0,Alto,4.0,3.0
4/19/2022 9:53:04,28.0,Mujer,Soltero,Estudiante Universitario,Sí,"Facebook, YouTube",Between 3 and 4 hours,4.0,5.0,4.0,5.0,5.0,5.0,2.0,3.0,2.0,Alto,5.0,2.0
4/19/2022 9:57:28,22.0,Mujer,Soltero,Estudiante Universitario,Sí,"Facebook, Twitter, Instagram, YouTube, Snapchat",More than 5 hours,4.0,3.0,3.0,4.0,5.0,4.0,1.0,3.0,2.0,Alto,2.0,1.0
4/19/2022 10:24:04,17.0,unsure ,Soltero,School Student,Sí,"Twitter, Instagram, YouTube, Snapchat, Discord, Reddit, TikTok",Between 4 and 5 hours,4.0,4.0,3.0,4.0,2.0,4.0,3.0,2.0,2.0,Medio,3.0,5.0
4/19/2022 10:25:50,30.0,Mujer,Soltero,Trabajador Asalariado,Sí,Instagram,Between 4 and 5 hours,4.0,5.0,3.0,2.0,4.0,4.0,3.0,3.0,3.0,Alto,4.0,4.0
4/19/2022 10:59:42,22.0,Hombre,Soltero,Estudiante Universitario,Sí,"Facebook, Instagram, YouTube, Snapchat, Discord",More than 5 hours,5.0,5.0,1.0,3.0,2.0,5.0,2.0,1.0,1.0,Medio,1.0,5.0
4/19/2022 13:52:52,14.0,Hombre,Soltero,School Student,Sí,"Instagram, YouTube, Discord",Between 4 and 5 hours,5.0,5.0,2.0,4.0,2.0,3.0,1.0,3.0,1.0,Muy Bajo,3.0,5.0
4/19/2022 14:08:55,20.0,Hombre,Soltero,School Student,Sí,"YouTube, Reddit",More than 5 hours,4.0,2.0,1.0,2.0,1.0,1.0,2.0,2.0,1.0,Alto,3.0,2.0
4/19/2022 14:21:22,22.0,Mujer,Soltero,School Student,Sí,"Facebook, Instagram, YouTube, Pinterest",More than 5 hours,4.0,4.0,4.0,4.0,4.0,5.0,5.0,3.0,4.0,Muy Alto,5.0,3.0
4/19/2022 14:45:58,16.0,Hombre,Soltero,School Student,Sí,"Facebook, Instagram, YouTube, Snapchat, Discord, TikTok",Between 4 and 5 hours,4.0,5.0,2.0,5.0,3.0,4.0,3.0,1.0,4.0,Bajo,1.0,3.0
4/19/2022 16:36:16,22.0,Mujer,En una relación,Estudiante Universitario,Sí,"Facebook, Twitter, Instagram, YouTube",Between 2 and 3 hours,3.0,4.0,3.0,4.0,4.0,3.0,2.0,2.0,3.0,Medio,2.0,3.0
4/19/2022 19:13:19,22.0,Hombre,En una relación,Estudiante Universitario,Sí,"Facebook, Twitter, Instagram, YouTube, Snapchat, Discord, Reddit, Pinterest",Between 1 and 2 hours,5.0,4.0,3.0,4.0,4.0,2.0,1.0,1.0,1.0,Muy Alto,3.0,5.0
4/19/2022 19:30:11,22.0,Hombre,Soltero,Estudiante Universitario,Sí,Instagram,Between 3 and 4 hours,3.0,4.0,3.0,3.0,4.0,3.0,2.0,3.0,3.0,Alto,3.0,3.0
4/19/2022 19:31:05,22.0,Hombre,Soltero,Estudiante Universitario,Sí,"Facebook, Twitter, Instagram, YouTube, Snapchat, Pinterest",Between 1 and 2 hours,4.0,3.0,4.0,3.0,5.0,5.0,3.0,3.0,4.0,Medio,5.0,5.0
4/19/2022 19:39:34,21.0,Mujer,Soltero,Estudiante Universitario,Sí,"Facebook, Instagram, YouTube, Snapchat, Pinterest",Between 4 and 5 hours,2.0,3.0,4.0,3.0,3.0,3.0,3.0,4.0,4.0,Muy Bajo,3.0,3.0
4/19/2022 19:40:58,23.0,Mujer,Soltero,Estudiante Universitario,Sí,"Facebook, YouTube",Between 4 and 5 hours,2.0,3.0,4.0,3.0,3.0,3.0,3.0,4.0,3.0,Bajo,4.0,5.0
4/19/2022 20:10:46,23.0,Mujer,Soltero,Estudiante Universitario,Sí,"Facebook, Instagram, TikTok",Between 2 and 3 hours,3.0,2.0,2.0,4.0,2.0,2.0,1.0,3.0,3.0,Medio,4.0,5.0
4/19/2022 20:13:21,48.0,Mujer,Casado,Trabajador Asalariado,Sí,"Facebook, YouTube",Between 1 and 2 hours,1.0,1.0,1.0,1.0,3.0,2.0,1.0,3.0,2.0,Muy Bajo,1.0,1.0
4/19/2022 20:16:27,21.0,Mujer,En una relación,Estudiante Universitario,Sí,"Facebook, Instagram, YouTube, Snapchat",Between 3 and 4 hours,3.0,2.0,1.0,3.0,2.0,3.0,2.0,1.0,3.0,Bajo,2.0,5.0
4/19/2022 20:20:18,47.0,Mujer,Casado,Trabajador Asalariado,Sí,"Facebook, Instagram, YouTube, Pinterest",Between 2 and 3 hours,4.0,3.0,3.0,3.0,2.0,2.0,2.0,3.0,3.0,Medio,3.0,3.0
4/19/2022 20:24:28,48.0,Hombre,Casado,Trabajador Asalariado,Sí,"Facebook, Instagram, YouTube",Between 2 and 3 hours,3.0,3.0,4.0,4.0,4.0,4.0,4.0,3.0,3.0,Bajo,3.0,3.0
4/19/2022 20:31:06,26.0,Mujer,Soltero,Trabajador Asalariado,Sí,"Facebook, Instagram, YouTube, Pinterest",More than 5 hours,4.0,5.0,4.0,4.0,5.0,3.0,5.0,4.0,3.0,Alto,2.0,3.0
4/19/2022 20:39:17,47.0,Hombre,Casado,Trabajador Asalariado,Sí,"Facebook, YouTube",Between 2 and 3 hours,4.0,3.0,4.0,4.0,3.0,3.0,2.0,3.0,1.0,Bajo,2.0,4.0
4/19/2022 20:42:18,47.0,Hombre,Casado,Trabajador Asalariado,Sí,"Facebook, Instagram, Snapchat",Between 1 and 2 hours,2.0,4.0,3.0,3.0,3.0,3.0,3.0,3.0,2.0,Bajo,3.0,4.0
4/19/2022 20:45:14,27.0,Mujer,Soltero,Trabajador Asalariado,Sí,"Facebook, Instagram, YouTube, Snapchat",More than 5 hours,2.0,5.0,4.0,4.0,3.0,2.0,5.0,1.0,4.0,Alto,4.0,1.0
4/19/2022 20:52:58,34.0,Mujer,Casado,Trabajador Asalariado,Sí,Facebook,More than 5 hours,5.0,5.0,4.0,5.0,3.0,1.0,3.0,3.0,3.0,Bajo,5.0,4.0
4/19/2022 21:02:46,20.0,Mujer,Soltero,Estudiante Universitario,Sí,"Facebook, Instagram",Between 2 and 3 hours,5.0,5.0,5.0,5.0,5.0,5.0,3.0,1.0,1.0,Medio,3.0,5.0
4/19/2022 21:07:16,22.0,Mujer,Soltero,Estudiante Universitario,Sí,Facebook,More than 5 hours,5.0,4.0,5.0,4.0,5.0,4.0,3.0,3.0,4.0,Medio,3.0,4.0
4/19/2022 21:10:27,23.0,Mujer,En una relación,Estudiante Universitario,Sí,"Facebook, Instagram, YouTube, Snapchat, Discord, TikTok",More than 5 hours,5.0,5.0,5.0,5.0,5.0,4.0,5.0,5.0,4.0,Muy Alto,4.0,5.0
4/19/2022 21:10:51,20.0,Hombre,Soltero,Estudiante Universitario,Sí,"Facebook, Instagram, YouTube",Between 4 and 5 hours,4.0,5.0,3.0,4.0,3.0,5.0,2.0,3.0,3.0,Alto,4.0,5.0
4/19/2022 21:12:27,48.0,Mujer,Casado,Trabajador Asalariado,Sí,"Facebook, Instagram",Less than an Hour,2.0,4.0,1.0,3.0,2.0,1.0,1.0,3.0,2.0,Muy Bajo,1.0,1.0
4/19/2022 21:12:34,20.0,Mujer,Soltero,Estudiante Universitario,Sí,"Facebook, Instagram, YouTube, TikTok",Between 3 and 4 hours,4.0,3.0,1.0,2.0,4.0,2.0,4.0,2.0,1.0,Medio,3.0,3.0
4/19/2022 21:15:10,20.0,Mujer,Soltero,Estudiante Universitario,Sí,"Facebook, YouTube, Snapchat, Pinterest",Between 4 and 5 hours,4.0,5.0,5.0,5.0,2.0,5.0,2.0,3.0,1.0,Muy Alto,4.0,3.0
4/19/2022 21:15:51,22.0,Mujer,Soltero,Estudiante Universitario,Sí,"Facebook, Instagram, YouTube, Snapchat",More than 5 hours,4.0,5.0,4.0,5.0,5.0,5.0,3.0,1.0,1.0,Alto,2.0,2.0
4/19/2022 21:26:38,22.0,Mujer,Soltero,Estudiante Universitario,Sí,Instagram,More than 5 hours,5.0,5.0,3.0,3.0,2.0,3.0,4.0,5.0,4.0,Muy Bajo,4.0,1.0
4/19/2022 21:27:41,20.0,Mujer,Soltero,Estudiante Universitario,Sí,"Facebook, Instagram, YouTube, Snapchat",More than 5 hours,4.0,4.0,3.0,5.0,4.0,3.0,2.0,2.0,2.0,Alto,5.0,3.0
4/19/2022 21:32:40,24.0,Hombre,Soltero,Estudiante Universitario,Sí,"Facebook, Twitter, Instagram, YouTube, Snapchat, Discord",Between 2 and 3 hours,1.0,1.0,3.0,3.0,4.0,4.0,3.0,3.0,2.0,Alto,4.0,4.0
4/19/2022 21:38:30,23.0,Mujer,Soltero,Estudiante Universitario,Sí,"Facebook, Instagram, YouTube, Snapchat, Pinterest, TikTok",More than 5 hours,3.0,2.0,4.0,3.0,5.0,3.0,5.0,1.0,4.0,Alto,2.0,5.0
4/19/2022 21:47:26,20.0,Mujer,Soltero,Estudiante Universitario,Sí,"Facebook, Instagram, YouTube",Between 3 and 4 hours,5.0,2.0,1.0,2.0,1.0,1.0,5.0,1.0,1.0,Alto,5.0,3.0
4/19/2022 21:48:13,16.0,Hombre,Soltero,School Student,Sí,"Instagram, YouTube, Snapchat, Pinterest",Between 2 and 3 hours,3.0,1.0,2.0,3.0,3.0,2.0,2.0,4.0,1.0,Medio,3.0,2.0
4/19/2022 21:50:59,50.0,Mujer,Soltero,Trabajador Asalariado,Sí,"Facebook, Instagram, YouTube, Discord, Pinterest",Between 2 and 3 hours,2.0,1.0,1.0,3.0,3.0,2.0,1.0,4.0,3.0,Muy Bajo,1.0,4.0
4/19/2022 21:51:39,47.0,Hombre,Casado,Trabajador Asalariado,Sí,"Facebook, YouTube",Between 1 and 2 hours,4.0,2.0,2.0,3.0,2.0,1.0,4.0,2.0,3.0,Medio,2.0,2.0
4/19/2022 21:55:45,24.0,Hombre,Soltero,Trabajador Asalariado,Sí,"Facebook, Twitter, Instagram, YouTube",Between 2 and 3 hours,3.0,3.0,2.0,3.0,4.0,3.0,2.0,4.0,2.0,Medio,1.0,4.0
4/19/2022 21:57:38,38.0,Mujer,Casado,Trabajador Asalariado,Sí,Facebook,Less than an Hour,3.0,2.0,3.0,2.0,2.0,1.0,3.0,1.0,1.0,Bajo,1.0,1.0
4/19/2022 22:04:03,50.0,Hombre,Divorciado,Trabajador Asalariado,No,"Instagram, YouTube",Between 1 and 2 hours,2.0,1.0,1.0,2.0,2.0,2.0,1.0,4.0,1.0,Bajo,2.0,1.0
4/19/2022 22:09:58,49.0,Hombre,Casado,Jubilado,Sí,"Facebook, Twitter, Instagram, YouTube, Pinterest",Between 4 and 5 hours,5.0,5.0,3.0,3.0,4.0,3.0,3.0,3.0,3.0,Alto,4.0,5.0
4/19/2022 22:19:43,47.0,Mujer,Casado,Trabajador Asalariado,Sí,"Facebook, YouTube, Pinterest",Between 2 and 3 hours,3.0,3.0,3.0,3.0,3.0,2.0,1.0,3.0,1.0,Muy Bajo,1.0,4.0
4/19/2022 22:22:21,48.0,Mujer,Casado,Trabajador Asalariado,Sí,"Facebook, Twitter, Instagram, YouTube, Pinterest",Between 2 and 3 hours,3.0,3.0,1.0,3.0,1.0,1.0,1.0,1.0,1.0,Muy Bajo,1.0,1.0
4/19/2022 22:23:48,51.0,Hombre,Casado,Trabajador Asalariado,Sí,"Facebook, Twitter, Instagram, YouTube, Snapchat, Pinterest",Between 1 and 2 hours,4.0,3.0,2.0,3.0,3.0,4.0,3.0,3.0,3.0,Medio,3.0,3.0
4/19/2022 22:31:52,50.0,Hombre,Casado,Trabajador Asalariado,Sí,"Facebook, Twitter, Instagram, YouTube",Between 3 and 4 hours,4.0,3.0,4.0,5.0,5.0,4.0,3.0,4.0,3.0,Alto,4.0,2.0
4/19/2022 22:39:43,47.0,Mujer,Casado,Trabajador Asalariado,Sí,"Facebook, Twitter, Instagram, YouTube, Pinterest",Between 3 and 4 hours,3.0,2.0,2.0,2.0,2.0,2.0,3.0,4.0,1.0,Muy Bajo,2.0,1.0
4/19/2022 22:42:36,27.0,Mujer,Casado,Trabajador Asalariado,Sí,"Facebook, Instagram, YouTube",Between 4 and 5 hours,4.0,5.0,2.0,5.0,5.0,5.0,5.0,2.0,3.0,Medio,5.0,4.0
4/19/2022 22:44:02,40.0,Mujer,Soltero,Trabajador Asalariado,Sí,"Facebook, Twitter, Instagram, YouTube",Between 1 and 2 hours,4.0,2.0,1.0,2.0,4.0,3.0,3.0,3.0,3.0,Alto,3.0,1.0
4/19/2022 22:45:25,46.0,Hombre,Divorciado,Trabajador Asalariado,Sí,"Facebook, Twitter, Instagram, YouTube, Snapchat",Less than an Hour,3.0,1.0,1.0,1.0,2.0,1.0,1.0,3.0,5.0,Bajo,2.0,2.0
4/19/2022 22:49:44,21.0,Mujer,Soltero,Estudiante Universitario,Sí,"Facebook, Instagram, YouTube, Snapchat, Discord",Between 4 and 5 hours,4.0,3.0,4.0,3.0,3.0,2.0,5.0,2.0,3.0,Muy Alto,5.0,5.0
4/19/2022 22:50:36,47.0,Mujer,Casado,Trabajador Asalariado,Sí,Facebook,Between 1 and 2 hours,4.0,4.0,3.0,3.0,2.0,2.0,4.0,2.0,3.0,Medio,3.0,3.0
4/19/2022 23:13:52,20.0,Mujer,En una relación,Estudiante Universitario,Sí,"Facebook, Twitter, Instagram, YouTube, Snapchat, Discord, Pinterest",More than 5 hours,4.0,4.0,3.0,4.0,4.0,4.0,5.0,1.0,4.0,Alto,3.0,4.0
4/19/2022 23:23:50,47.0,Mujer,Casado,Trabajador Asalariado,Sí,"Facebook, Twitter, Instagram, YouTube",Between 1 and 2 hours,3.0,4.0,3.0,4.0,5.0,4.0,2.0,2.0,1.0,Bajo,3.0,2.0
4/19/2022 23:28:22,48.0,Hombre,Casado,Trabajador Asalariado,Sí,"Facebook, Instagram, YouTube",Between 3 and 4 hours,3.0,3.0,3.0,3.0,2.0,2.0,3.0,3.0,3.0,Bajo,3.0,2.0
4/19/2022 23:28:51,49.0,Hombre,Casado,Trabajador Asalariado,Sí,"Facebook, YouTube",Between 4 and 5 hours,4.0,3.0,2.0,2.0,2.0,2.0,2.0,4.0,2.0,Bajo,2.0,4.0
4/19/2022 23:38:51,21.0,Hombre,En una relación,Estudiante Universitario,Sí,"Facebook, YouTube, Discord",Between 3 and 4 hours,3.0,2.0,1.0,1.0,2.0,2.0,2.0,4.0,3.0,Bajo,2.0,2.0
4/19/2022 23:43:46,32.0,Mujer,Casado,Trabajador Asalariado,Sí,"Facebook, Instagram, YouTube, Discord, Pinterest",Between 4 and 5 hours,5.0,2.0,4.0,3.0,2.0,1.0,1.0,5.0,1.0,Muy Bajo,2.0,5.0
4/19/2022 23:51:19,47.0,Mujer,Casado,Trabajador Asalariado,Sí,"Twitter, Instagram, YouTube",Between 2 and 3 hours,3.0,1.0,2.0,3.0,2.0,2.0,3.0,3.0,2.0,Bajo,2.0,3.0
4/19/2022 23:53:34,50.0,Hombre,Casado,Trabajador Asalariado,Sí,"Facebook, Twitter, YouTube",Between 1 and 2 hours,1.0,1.0,2.0,3.0,2.0,2.0,1.0,1.0,3.0,Medio,2.0,2.0
4/20/2022 0:00:36,48.0,Hombre,Divorciado,Trabajador Asalariado,Sí,"Facebook, Twitter, Instagram, YouTube",Less than an Hour,5.0,1.0,1.0,2.0,4.0,2.0,1.0,3.0,3.0,Alto,2.0,5.0
4/20/2022 0:07:24,21.0,Mujer,En una relación,Estudiante Universitario,Sí,"Facebook, Instagram, YouTube, Pinterest",Between 3 and 4 hours,2.0,2.0,1.0,5.0,4.0,5.0,3.0,3.0,2.0,Medio,5.0,4.0
4/20/2022 0:24:10,47.0,Hombre,Casado,Trabajador Asalariado,Sí,Twitter,Less than an Hour,1.0,1.0,2.0,5.0,3.0,4.0,2.0,3.0,1.0,Bajo,4.0,4.0
4/20/2022 0:25:32,36.0,Mujer,Casado,Trabajador Asalariado,Sí,YouTube,Between 2 and 3 hours,3.0,2.0,1.0,2.0,4.0,4.0,1.0,1.0,1.0,Muy Bajo,1.0,4.0
4/20/2022 0:50:06,37.0,Mujer,Casado,Jubilado,Sí,"Facebook, Instagram, YouTube",Between 1 and 2 hours,3.0,1.0,2.0,2.0,1.0,3.0,1.0,2.0,2.0,Alto,2.0,4.0
4/20/2022 1:10:35,19.0,Mujer,En una relación,School Student,Sí,Facebook,Between 4 and 5 hours,5.0,4.0,4.0,3.0,5.0,4.0,2.0,5.0,4.0,Alto,5.0,5.0
4/20/2022 1:48:34,30.0,Hombre,En una relación,Trabajador Asalariado,Sí,"Facebook, Instagram, YouTube",Between 1 and 2 hours,4.0,2.0,1.0,2.0,2.0,1.0,4.0,2.0,2.0,Bajo,2.0,5.0
4/20/2022 2:03:04,48.0,Hombre,Casado,Trabajador Asalariado,Sí,"Facebook, Twitter, Instagram, YouTube, Snapchat, Discord, Reddit, Pinterest, TikTok",Less than an Hour,3.0,1.0,1.0,1.0,1.0,1.0,5.0,3.0,2.0,Muy Bajo,5.0,2.0
4/20/2022 2:07:23,48.0,Mujer,Casado,Jubilado,Sí,"Facebook, Instagram, YouTube, Pinterest, TikTok",More than 5 hours,4.0,5.0,5.0,5.0,4.0,5.0,3.0,3.0,2.0,Medio,5.0,4.0
4/20/2022 3:54:33,48.0,Hombre,Casado,Trabajador Asalariado,Sí,"Twitter, YouTube",Between 3 and 4 hours,3.0,2.0,3.0,3.0,4.0,3.0,2.0,3.0,2.0,Medio,3.0,4.0
4/20/2022 4:20:29,47.0,Hombre,Casado,Trabajador Asalariado,Sí,"Twitter, Instagram, YouTube, Reddit, TikTok",Between 2 and 3 hours,3.0,2.0,3.0,5.0,5.0,5.0,2.0,5.0,2.0,Medio,2.0,4.0
4/20/2022 4:42:46,47.0,Mujer,Casado,Trabajador Asalariado,Sí,"Facebook, Twitter",Less than an Hour,2.0,2.0,2.0,3.0,2.0,2.0,4.0,3.0,2.0,Bajo,2.0,2.0
4/20/2022 5:54:28,48.0,Hombre,Casado,Trabajador Asalariado,Sí,"Facebook, YouTube, Pinterest",Less than an Hour,5.0,1.0,1.0,2.0,2.0,1.0,1.0,1.0,1.0,Bajo,1.0,4.0
4/20/2022 6:15:52,21.0,Hombre,Soltero,Estudiante Universitario,Sí,"Facebook, Twitter, Instagram, YouTube, Pinterest",Between 2 and 3 hours,2.0,4.0,2.0,3.0,2.0,1.0,3.0,5.0,3.0,Bajo,1.0,4.0
4/20/2022 6:28:00,48.0,Hombre,Casado,Trabajador Asalariado,Sí,"Twitter, YouTube",Between 1 and 2 hours,2.0,2.0,1.0,2.0,1.0,1.0,2.0,3.0,1.0,Muy Bajo,2.0,2.0
4/20/2022 7:20:45,21.0,Hombre,En una relación,Estudiante Universitario,Sí,"Facebook, Twitter, Instagram, YouTube, Snapchat, Discord",Less than an Hour,2.0,3.0,2.0,4.0,3.0,3.0,2.0,3.0,1.0,Bajo,2.0,1.0
4/20/2022 7:35:16,20.0,Hombre,Soltero,Estudiante Universitario,Sí,"Twitter, Instagram, YouTube, Snapchat, Discord, Reddit, TikTok",More than 5 hours,5.0,5.0,5.0,4.0,2.0,4.0,3.0,3.0,1.0,Medio,3.0,4.0
4/20/2022 8:37:47,20.0,Mujer,Soltero,Estudiante Universitario,Sí,"Facebook, YouTube",Between 3 and 4 hours,4.0,5.0,4.0,4.0,5.0,5.0,5.0,2.0,2.0,Medio,4.0,4.0
4/20/2022 10:51:46,20.0,Hombre,Soltero,Estudiante Universitario,Sí,"Facebook, Instagram, YouTube",Between 1 and 2 hours,5.0,5.0,2.0,3.0,4.0,5.0,3.0,2.0,4.0,Muy Alto,5.0,5.0
4/20/2022 11:25:38,21.0,Mujer,Soltero,Estudiante Universitario,Sí,"Facebook, Instagram, YouTube, Snapchat",Between 1 and 2 hours,4.0,4.0,4.0,4.0,4.0,2.0,4.0,3.0,4.0,Medio,3.0,1.0
4/20/2022 11:43:27,20.0,Mujer,En una relación,Estudiante Universitario,Sí,"Instagram, YouTube, Pinterest",Between 4 and 5 hours,4.0,3.0,5.0,5.0,4.0,4.0,5.0,4.0,3.0,Alto,4.0,5.0
4/20/2022 12:16:04,47.0,Hombre,Casado,Trabajador Asalariado,Sí,"Twitter, Instagram, YouTube, Reddit, TikTok",Between 2 and 3 hours,4.0,3.0,3.0,2.0,4.0,3.0,1.0,2.0,1.0,Muy Bajo,2.0,1.0
4/20/2022 13:24:21,35.0,Mujer,Divorciado,Trabajador Asalariado,Sí,"Facebook, YouTube",Less than an Hour,3.0,2.0,1.0,1.0,1.0,1.0,1.0,3.0,4.0,Muy Bajo,1.0,1.0
4/20/2022 13:24:25,23.0,Mujer,Soltero,Estudiante Universitario,Sí,Pinterest,Between 3 and 4 hours,5.0,3.0,3.0,4.0,3.0,5.0,1.0,3.0,3.0,Alto,3.0,5.0
4/20/2022 13:43:09,21.0,Mujer,Soltero,Estudiante Universitario,Sí,"Facebook, Twitter, Instagram, YouTube, Snapchat, Pinterest",Between 4 and 5 hours,3.0,5.0,4.0,5.0,5.0,4.0,3.0,2.0,1.0,Medio,5.0,5.0
4/20/2022 14:41:02,21.0,Mujer,En una relación,Estudiante Universitario,Sí,"Facebook, Instagram, YouTube, Pinterest",Between 2 and 3 hours,3.0,2.0,5.0,2.0,4.0,1.0,3.0,2.0,4.0,Alto,2.0,1.0
4/20/2022 16:11:22,37.0,Mujer,Casado,Trabajador Asalariado,Sí,"Facebook, YouTube",Between 1 and 2 hours,5.0,4.0,4.0,3.0,5.0,2.0,5.0,2.0,2.0,Alto,4.0,5.0
4/20/2022 16:37:53,48.0,Hombre,Casado,Trabajador Asalariado,Sí,"Facebook, Twitter, Instagram, YouTube",Between 1 and 2 hours,4.0,2.0,2.0,3.0,2.0,2.0,2.0,3.0,3.0,Medio,3.0,4.0
4/20/2022 16:44:37,47.0,Hombre,Casado,Trabajador Asalariado,Sí,"Facebook, YouTube, TikTok",Less than an Hour,3.0,1.0,1.0,2.0,4.0,2.0,3.0,3.0,2.0,Muy Bajo,2.0,3.0
4/20/2022 17:44:50,25.0,Mujer,Casado,Trabajador Asalariado,Sí,"Facebook, Twitter, Instagram, YouTube, Reddit, Pinterest, TikTok",Between 4 and 5 hours,3.0,4.0,5.0,4.0,5.0,4.0,2.0,4.0,4.0,Muy Alto,3.0,2.0
4/20/2022 18:14:32,22.0,Mujer,En una relación,Estudiante Universitario,Sí,"Facebook, Twitter, Instagram, YouTube, Snapchat, Discord, Pinterest, TikTok",More than 5 hours,5.0,5.0,4.0,5.0,4.0,3.0,2.0,3.0,3.0,Medio,4.0,4.0
4/20/2022 19:24:38,45.0,Hombre,Casado,Trabajador Asalariado,Sí,"Facebook, YouTube",Between 2 and 3 hours,3.0,2.0,3.0,3.0,3.0,3.0,3.0,2.0,2.0,Bajo,2.0,2.0
4/20/2022 19:28:00,47.0,Hombre,Casado,Trabajador Asalariado,Sí,"Instagram, YouTube",Between 1 and 2 hours,4.0,3.0,2.0,4.0,3.0,2.0,2.0,3.0,3.0,Medio,2.0,1.0
4/20/2022 21:11:51,47.0,Mujer,Soltero,Trabajador Asalariado,Sí,"Facebook, Twitter, Instagram, YouTube, Pinterest",Between 4 and 5 hours,4.0,5.0,2.0,3.0,3.0,1.0,3.0,3.0,1.0,Medio,3.0,1.0
4/20/2022 21:18:36,24.0,Mujer,Casado,Estudiante Universitario,Sí,"Facebook, Instagram, Pinterest",More than 5 hours,5.0,3.0,4.0,3.0,4.0,5.0,3.0,3.0,3.0,Alto,3.0,4.0
4/20/2022 22:01:52,21.0,Mujer,En una relación,Estudiante Universitario,Sí,Instagram,Between 2 and 3 hours,5.0,5.0,5.0,5.0,1.0,5.0,2.0,5.0,5.0,Bajo,5.0,5.0
4/20/2022 22:07:43,22.0,Mujer,Soltero,Estudiante Universitario,Sí,"Facebook, YouTube, Discord, Reddit, Pinterest",Between 2 and 3 hours,3.0,2.0,2.0,2.0,2.0,2.0,1.0,3.0,3.0,Alto,2.0,1.0
4/20/2022 22:17:29,19.0,Mujer,Soltero,School Student,Sí,"Facebook, Instagram, YouTube, Snapchat, Discord, Pinterest, TikTok",Between 2 and 3 hours,3.0,4.0,3.0,3.0,3.0,3.0,3.0,5.0,3.0,Alto,3.0,1.0
4/20/2022 22:37:04,21.0,Mujer,En una relación,Estudiante Universitario,Sí,"Facebook, Instagram, YouTube, Snapchat",Between 4 and 5 hours,3.0,3.0,2.0,4.0,2.0,4.0,3.0,2.0,1.0,Alto,4.0,4.0
4/20/2022 22:50:55,22.0,Mujer,En una relación,Estudiante Universitario,Sí,"Facebook, Instagram, YouTube, Snapchat",More than 5 hours,5.0,3.0,3.0,3.0,5.0,3.0,2.0,3.0,4.0,Muy Alto,3.0,4.0
4/20/2022 22:53:30,20.0,Hombre,Soltero,Estudiante Universitario,Sí,"Facebook, Instagram, YouTube, Snapchat, Discord, TikTok",Between 3 and 4 hours,4.0,5.0,4.0,4.0,5.0,4.0,1.0,3.0,4.0,Alto,5.0,5.0
4/20/2022 23:07:20,42.0,Mujer,Casado,Trabajador Asalariado,Sí,"Facebook, Instagram, YouTube, Discord, Pinterest",Between 2 and 3 hours,3.0,1.0,1.0,1.0,1.0,1.0,1.0,3.0,1.0,Muy Bajo,3.0,1.0
4/20/2022 23:15:45,35.0,Mujer,Casado,Trabajador Asalariado,Sí,Facebook,Between 2 and 3 hours,5.0,3.0,2.0,2.0,1.0,3.0,2.0,4.0,1.0,Medio,2.0,2.0
4/20/2022 23:32:12,38.0,Hombre,Casado,Trabajador Asalariado,Sí,"Facebook, Twitter, YouTube, Discord, Reddit",Between 4 and 5 hours,3.0,3.0,3.0,2.0,3.0,2.0,3.0,4.0,3.0,Bajo,2.0,2.0
4/20/2022 23:45:22,17.0,Hombre,Soltero,School Student,Sí,"Facebook, Instagram, YouTube",Less than an Hour,2.0,2.0,2.0,2.0,2.0,1.0,1.0,2.0,1.0,Muy Bajo,1.0,2.0
4/20/2022 23:51:18,32.0,Hombre,Casado,Trabajador Asalariado,Sí,"Facebook, YouTube, Discord, Reddit",Between 1 and 2 hours,3.0,1.0,3.0,2.0,2.0,1.0,1.0,3.0,1.0,Muy Bajo,2.0,1.0
4/21/2022 0:36:13,21.0,Mujer,Soltero,Estudiante Universitario,Sí,"Facebook, Twitter, Instagram, YouTube, Snapchat, Discord",Between 1 and 2 hours,3.0,3.0,2.0,5.0,4.0,5.0,4.0,2.0,2.0,Bajo,3.0,2.0
4/21/2022 0:49:07,22.0,Hombre,En una relación,Estudiante Universitario,Sí,"Facebook, Instagram, YouTube, Snapchat, Discord, Reddit",Between 3 and 4 hours,4.0,2.0,2.0,2.0,4.0,3.0,2.0,4.0,2.0,Medio,2.0,5.0
4/21/2022 0:59:28,27.0,Mujer,Casado,Estudiante Universitario,Sí,"Facebook, Instagram, YouTube",More than 5 hours,5.0,5.0,3.0,3.0,3.0,3.0,1.0,3.0,1.0,Medio,3.0,4.0
4/21/2022 1:33:04,21.0,Hombre,En una relación,Estudiante Universitario,Sí,"Facebook, Instagram, YouTube, Discord, Reddit, TikTok",Between 3 and 4 hours,4.0,5.0,3.0,5.0,5.0,5.0,5.0,2.0,4.0,Medio,5.0,3.0
4/21/2022 1:39:06,27.0,Hombre,Casado,Trabajador Asalariado,Sí,"Facebook, Discord, Reddit",More than 5 hours,5.0,5.0,5.0,5.0,5.0,5.0,1.0,3.0,1.0,Muy Alto,5.0,5.0
4/21/2022 1:44:22,20.0,Hombre,Soltero,School Student,Sí,"Instagram, Discord, Reddit, Pinterest, TikTok",Between 2 and 3 hours,3.0,2.0,3.0,2.0,3.0,2.0,3.0,2.0,3.0,Bajo,1.0,4.0
4/21/2022 2:29:40,27.0,Mujer,Casado,Trabajador Asalariado,Sí,"Facebook, Instagram, YouTube",Between 3 and 4 hours,4.0,4.0,4.0,5.0,4.0,3.0,2.0,2.0,1.0,Muy Bajo,3.0,2.0
4/21/2022 3:27:50,24.0,Hombre,Soltero,Estudiante Universitario,Sí,"Facebook, Instagram, YouTube, Discord",Between 3 and 4 hours,5.0,5.0,5.0,5.0,1.0,5.0,5.0,4.0,1.0,Muy Alto,5.0,4.0
4/21/2022 4:54:21,26.0,Mujer,Soltero,Trabajador Asalariado,Sí,"Facebook, Instagram, YouTube, Snapchat, Pinterest",Between 2 and 3 hours,3.0,2.0,1.0,1.0,1.0,1.0,1.0,1.0,1.0,Muy Bajo,1.0,1.0
4/21/2022 7:09:09,20.0,Mujer,Soltero,Estudiante Universitario,Sí,"Twitter, Instagram, YouTube, Snapchat, Discord, Reddit, Pinterest, TikTok",Between 3 and 4 hours,2.0,1.0,1.0,2.0,5.0,3.0,5.0,4.0,3.0,Alto,3.0,4.0
4/21/2022 10:12:51,31.0,Hombre,Soltero,Trabajador Asalariado,Sí,"Facebook, Instagram, YouTube, Discord",Between 2 and 3 hours,3.0,3.0,3.0,3.0,4.0,3.0,4.0,4.0,4.0,Medio,3.0,2.0
4/21/2022 10:40:52,21.0,Hombre,Soltero,Estudiante Universitario,Sí,"YouTube, Discord, Reddit",More than 5 hours,5.0,1.0,1.0,1.0,1.0,1.0,1.0,3.0,1.0,Muy Bajo,1.0,1.0
4/21/2022 13:23:38,34.0,Hombre,Casado,Trabajador Asalariado,Sí,"Facebook, YouTube, TikTok",More than 5 hours,5.0,3.0,2.0,3.0,3.0,4.0,4.0,4.0,5.0,Muy Alto,5.0,5.0
4/21/2022 13:36:29,22.0,Hombre,Soltero,Estudiante Universitario,Sí,"Facebook, YouTube, Snapchat",Less than an Hour,1.0,1.0,1.0,1.0,1.0,1.0,1.0,1.0,1.0,Muy Bajo,1.0,1.0
4/21/2022 13:44:53,20.0,Mujer,En una relación,Estudiante Universitario,Sí,Instagram,More than 5 hours,3.0,3.0,1.0,3.0,5.0,3.0,2.0,3.0,5.0,Alto,5.0,1.0
4/21/2022 15:26:24,23.0,Hombre,En una relación,Estudiante Universitario,Sí,"Facebook, Twitter, Instagram, YouTube, Discord, Reddit",Between 4 and 5 hours,4.0,2.0,1.0,1.0,3.0,1.0,1.0,3.0,1.0,Medio,2.0,1.0
4/21/2022 15:57:19,48.0,Hombre,Casado,Trabajador Asalariado,Sí,"Facebook, YouTube",Less than an Hour,1.0,1.0,1.0,1.0,1.0,1.0,5.0,5.0,3.0,Muy Bajo,1.0,1.0
4/21/2022 17:47:15,37.0,Hombre,Casado,Trabajador Asalariado,Sí,"Facebook, YouTube",Between 1 and 2 hours,4.0,4.0,1.0,3.0,4.0,4.0,4.0,4.0,3.0,Bajo,3.0,2.0
4/21/2022 19:19:40,22.0,Hombre,Soltero,Estudiante Universitario,Sí,"Facebook, Instagram, YouTube, Snapchat",Between 1 and 2 hours,3.0,3.0,2.0,3.0,4.0,4.0,4.0,4.0,3.0,Muy Alto,4.0,4.0
4/21/2022 19:35:44,50.0,Hombre,Soltero,Trabajador Asalariado,Sí,Facebook,Between 1 and 2 hours,3.0,2.0,3.0,3.0,3.0,5.0,4.0,5.0,5.0,Bajo,4.0,3.0
4/21/2022 20:26:35,21.0,Mujer,En una relación,Estudiante Universitario,Sí,"Facebook, Twitter, Instagram, YouTube, Snapchat",More than 5 hours,4.0,4.0,4.0,5.0,5.0,5.0,4.0,2.0,3.0,Medio,4.0,4.0
4/21/2022 20:31:47,23.0,Mujer,Soltero,Estudiante Universitario,Sí,"Facebook, Twitter, Instagram, YouTube, Snapchat, Discord, Pinterest",Between 2 and 3 hours,4.0,4.0,1.0,3.0,2.0,2.0,1.0,2.0,1.0,Bajo,4.0,1.0
4/21/2022 20:47:50,21.0,Mujer,Soltero,Estudiante Universitario,Sí,"Facebook, YouTube",Between 1 and 2 hours,4.0,3.0,1.0,3.0,4.0,3.0,5.0,2.0,3.0,Medio,4.0,3.0
4/21/2022 22:29:45,22.0,Mujer,Soltero,Estudiante Universitario,Sí,"Facebook, Twitter, Instagram, YouTube, Snapchat, Discord, Pinterest",Between 3 and 4 hours,3.0,3.0,3.0,3.0,3.0,2.0,2.0,3.0,3.0,Medio,3.0,3.0
4/21/2022 23:02:13,22.0,Mujer,En una relación,Estudiante Universitario,Sí,Facebook,More than 5 hours,3.0,1.0,4.0,4.0,3.0,4.0,3.0,4.0,3.0,Alto,4.0,3.0
4/21/2022 23:02:18,22.0,Mujer,En una relación,Estudiante Universitario,Sí,"Facebook, Instagram, YouTube, Snapchat, TikTok",More than 5 hours,2.0,5.0,3.0,3.0,3.0,4.0,5.0,3.0,3.0,Bajo,4.0,3.0
4/21/2022 23:11:32,19.0,Mujer,Soltero,Estudiante Universitario,Sí,"Facebook, Instagram, YouTube, Snapchat, Discord, Pinterest",Between 3 and 4 hours,5.0,4.0,5.0,3.0,5.0,4.0,5.0,1.0,5.0,Alto,4.0,3.0
4/22/2022 0:24:31,23.0,Mujer,Soltero,Estudiante Universitario,Sí,"Facebook, Instagram, YouTube",Between 2 and 3 hours,5.0,5.0,3.0,5.0,3.0,5.0,1.0,3.0,2.0,Bajo,2.0,5.0
4/22/2022 2:35:48,46.0,Hombre,Casado,Trabajador Asalariado,Sí,"Facebook, YouTube",Less than an Hour,2.0,1.0,1.0,1.0,1.0,1.0,1.0,2.0,1.0,Muy Bajo,3.0,4.0
4/22/2022 8:35:39,21.0,Hombre,En una relación,Estudiante Universitario,Sí,"Facebook, Instagram, YouTube",More than 5 hours,4.0,5.0,3.0,4.0,4.0,4.0,3.0,3.0,4.0,Alto,4.0,5.0
4/22/2022 11:56:05,24.0,Mujer,En una relación,Estudiante Universitario,Sí,"Facebook, Instagram, YouTube, Discord",More than 5 hours,2.0,3.0,1.0,2.0,4.0,3.0,4.0,4.0,3.0,Alto,1.0,1.0
4/22/2022 13:31:47,20.0,Mujer,Soltero,Estudiante Universitario,Sí,"Facebook, Instagram, YouTube",Less than an Hour,3.0,1.0,1.0,1.0,2.0,2.0,5.0,1.0,2.0,Muy Bajo,3.0,1.0
4/22/2022 22:00:05,25.0,Hombre,Soltero,Estudiante Universitario,Sí,YouTube,Between 1 and 2 hours,5.0,5.0,1.0,1.0,2.0,3.0,4.0,5.0,3.0,Muy Alto,2.0,5.0
4/22/2022 22:26:55,21.0,Mujer,Soltero,Estudiante Universitario,Sí,"Facebook, YouTube, Discord, Pinterest",Between 3 and 4 hours,2.0,1.0,1.0,2.0,2.0,1.0,1.0,1.0,1.0,Muy Bajo,1.0,1.0
4/24/2022 5:23:27,23.0,Hombre,En una relación,Estudiante Universitario,Sí,"Facebook, Twitter, Instagram, YouTube, Discord, Reddit, TikTok",More than 5 hours,4.0,4.0,3.0,5.0,4.0,4.0,4.0,2.0,1.0,Alto,4.0,3.0
4/26/2022 3:01:10,22.0,Mujer,En una relación,Trabajador Asalariado,Sí,"Instagram, YouTube, Discord, Reddit, TikTok",More than 5 hours,5.0,4.0,4.0,4.0,4.0,3.0,4.0,4.0,4.0,Alto,5.0,1.0
4/26/2022 21:59:19,36.0,Hombre,Casado,Trabajador Asalariado,Sí,"Facebook, Instagram, YouTube, Pinterest",Less than an Hour,2.0,1.0,1.0,2.0,3.0,1.0,3.0,3.0,1.0,Bajo,1.0,1.0
4/26/2022 22:13:41,22.0,Mujer,Soltero,Estudiante Universitario,Sí,"Facebook, Instagram, YouTube, Snapchat, Pinterest, TikTok",Between 2 and 3 hours,5.0,5.0,3.0,5.0,5.0,2.0,3.0,1.0,2.0,Muy Alto,3.0,5.0
4/26/2022 23:02:27,69.0,Trans,Divorciado,Trabajador Asalariado,Sí,TikTok,More than 5 hours,5.0,5.0,5.0,5.0,5.0,5.0,5.0,5.0,5.0,Muy Alto,5.0,5.0
4/26/2022 23:15:02,25.0,Mujer,Soltero,Trabajador Asalariado,Sí,"Facebook, Instagram, YouTube",Between 4 and 5 hours,3.0,4.0,2.0,5.0,5.0,1.0,5.0,1.0,5.0,Alto,5.0,5.0
4/26/2022 23:32:48,22.0,Mujer,Soltero,Estudiante Universitario,Sí,"Facebook, Twitter, Instagram, YouTube, Snapchat, TikTok",Between 4 and 5 hours,4.0,2.0,1.0,5.0,4.0,3.0,5.0,1.0,4.0,Alto,4.0,2.0
4/26/2022 23:56:35,23.0,Hombre,Soltero,Estudiante Universitario,Sí,"Facebook, Instagram, YouTube, Snapchat, Discord, TikTok",Between 3 and 4 hours,3.0,4.0,2.0,5.0,5.0,5.0,5.0,4.0,4.0,Bajo,3.0,4.0
4/27/2022 2:12:12,23.0,Hombre,Soltero,Estudiante Universitario,Sí,"Facebook, Instagram",Less than an Hour,3.0,2.0,1.0,3.0,4.0,3.0,3.0,3.0,2.0,Medio,2.0,5.0
5/11/2022 19:06:27,19.0,Mujer,Soltero,School Student,Sí,"Facebook, Instagram, YouTube, Discord",Between 3 and 4 hours,5.0,3.0,2.0,3.0,5.0,5.0,2.0,3.0,3.0,Medio,5.0,5.0
5/11/2022 19:07:15,21.0,Mujer,Soltero,Estudiante Universitario,Sí,"Facebook, Instagram, YouTube, Snapchat, Discord, Reddit",Between 1 and 2 hours,3.0,5.0,2.0,4.0,2.0,2.0,1.0,4.0,2.0,Medio,2.0,3.0
5/11/2022 19:09:46,27.0,Mujer,En una relación,Trabajador Asalariado,Sí,"Facebook, Instagram, YouTube, Snapchat",Between 4 and 5 hours,5.0,5.0,3.0,4.0,4.0,4.0,4.0,2.0,3.0,Alto,4.0,2.0
5/11/2022 19:16:34,25.0,Mujer,Soltero,Estudiante Universitario,Sí,"Facebook, YouTube, Discord",More than 5 hours,4.0,3.0,1.0,2.0,4.0,3.0,4.0,2.0,2.0,Alto,2.0,1.0
5/11/2022 19:19:39,20.0,Mujer,Soltero,Estudiante Universitario,Sí,"Facebook, Instagram, YouTube, Snapchat",Between 2 and 3 hours,4.0,2.0,1.0,3.0,4.0,1.0,1.0,5.0,1.0,Bajo,2.0,3.0
5/11/2022 19:27:46,34.0,Mujer,Casado,Trabajador Asalariado,Sí,Facebook,Between 1 and 2 hours,2.0,5.0,1.0,1.0,1.0,5.0,2.0,3.0,5.0,Muy Bajo,2.0,1.0
5/11/2022 19:30:14,23.0,Mujer,Soltero,Estudiante Universitario,Sí,"Facebook, Instagram, YouTube, Snapchat, Discord, Pinterest",More than 5 hours,5.0,5.0,3.0,3.0,5.0,3.0,3.0,4.0,3.0,Alto,5.0,4.0
5/11/2022 19:31:52,34.0,Mujer,Casado,Trabajador Asalariado,Sí,Facebook,Between 1 and 2 hours,2.0,2.0,1.0,1.0,1.0,1.0,2.0,1.0,1.0,Muy Bajo,1.0,1.0
5/11/2022 19:35:33,26.0,Mujer,Soltero,Trabajador Asalariado,Sí,"Facebook, Instagram, YouTube, Discord, Pinterest, TikTok",Between 4 and 5 hours,5.0,5.0,3.0,5.0,5.0,5.0,3.0,3.0,3.0,Muy Alto,4.0,4.0
5/11/2022 19:45:08,25.0,Hombre,Soltero,Estudiante Universitario,Sí,"Facebook, Twitter, Instagram, YouTube, Snapchat, Discord, Pinterest, TikTok",Between 4 and 5 hours,4.0,5.0,2.0,5.0,1.0,5.0,2.0,3.0,4.0,Muy Alto,1.0,5.0
5/11/2022 19:47:05,22.0,Mujer,Casado,Estudiante Universitario,Sí,"Facebook, Instagram, YouTube, Pinterest",Between 2 and 3 hours,5.0,4.0,2.0,3.0,3.0,2.0,1.0,3.0,2.0,Bajo,3.0,3.0
5/11/2022 19:47:43,20.0,Hombre,Soltero,Estudiante Universitario,Sí,"Facebook, Twitter, Instagram, YouTube, Snapchat, Discord, Reddit",Less than an Hour,4.0,2.0,1.0,3.0,5.0,2.0,1.0,4.0,2.0,Bajo,4.0,2.0
5/11/2022 19:47:44,23.0,Mujer,Soltero,Estudiante Universitario,Sí,"Facebook, Instagram, YouTube, Snapchat",More than 5 hours,4.0,5.0,3.0,4.0,5.0,5.0,5.0,1.0,3.0,Medio,4.0,5.0
5/11/2022 19:48:59,91.0,Mujer,Soltero,Estudiante Universitario,Sí,"Facebook, Instagram, YouTube, Snapchat, Discord",Between 2 and 3 hours,2.0,5.0,4.0,4.0,5.0,5.0,5.0,1.0,5.0,Muy Alto,5.0,5.0
5/11/2022 19:51:18,22.0,Mujer,Soltero,Estudiante Universitario,Sí,"Facebook, Instagram, YouTube, Snapchat, Discord",Between 4 and 5 hours,4.0,1.0,2.0,1.0,1.0,1.0,1.0,2.0,1.0,Muy Bajo,2.0,3.0
5/11/2022 19:51:38,23.0,Mujer,Soltero,Estudiante Universitario,Sí,"Facebook, Instagram, YouTube, TikTok",More than 5 hours,3.0,3.0,2.0,3.0,3.0,4.0,3.0,3.0,4.0,Alto,3.0,2.0
5/11/2022 19:58:36,21.0,Mujer,En una relación,Estudiante Universitario,Sí,"Facebook, Instagram, Discord",Between 2 and 3 hours,2.0,3.0,4.0,2.0,3.0,4.0,2.0,4.0,2.0,Medio,1.0,4.0
5/11/2022 20:12:15,36.0,Mujer,Casado,Trabajador Asalariado,Sí,"Facebook, YouTube, Snapchat",Between 1 and 2 hours,4.0,1.0,1.0,2.0,2.0,1.0,1.0,3.0,2.0,Bajo,3.0,3.0
5/11/2022 20:13:54,21.0,Mujer,En una relación,Estudiante Universitario,Sí,"Facebook, Instagram, YouTube, Snapchat, Discord, TikTok",Between 2 and 3 hours,3.0,3.0,2.0,3.0,5.0,4.0,3.0,3.0,3.0,Muy Alto,5.0,4.0
5/11/2022 20:15:24,22.0,Mujer,Soltero,Estudiante Universitario,Sí,"Facebook, Instagram, YouTube",Between 1 and 2 hours,2.0,2.0,2.0,2.0,2.0,3.0,4.0,3.0,3.0,Medio,2.0,2.0
5/11/2022 20:15:30,22.0,Hombre,Soltero,Estudiante Universitario,Sí,"Facebook, Twitter, Instagram, YouTube, Discord, Reddit, Pinterest, TikTok",More than 5 hours,4.0,4.0,3.0,4.0,2.0,4.0,4.0,3.0,4.0,Medio,4.0,3.0
5/11/2022 20:17:40,22.0,Mujer,Soltero,Estudiante Universitario,Sí,"Facebook, Instagram, YouTube, Snapchat",More than 5 hours,5.0,2.0,5.0,4.0,4.0,4.0,4.0,3.0,2.0,Bajo,3.0,2.0
5/11/2022 20:18:08,20.0,Mujer,Soltero,Estudiante Universitario,Sí,"Facebook, Instagram, YouTube, Discord",Between 3 and 4 hours,3.0,3.0,3.0,3.0,4.0,3.0,4.0,3.0,3.0,Medio,3.0,2.0
5/11/2022 20:19:55,26.0,Mujer,En una relación,Trabajador Asalariado,Sí,"Facebook, Twitter, Instagram, YouTube",More than 5 hours,4.0,4.0,1.0,3.0,3.0,2.0,2.0,4.0,1.0,Bajo,2.0,4.0
5/11/2022 20:34:00,21.0,Hombre,Soltero,Estudiante Universitario,Sí,YouTube,Between 2 and 3 hours,3.0,3.0,2.0,5.0,5.0,4.0,2.0,3.0,2.0,Alto,2.0,4.0
5/11/2022 20:35:00,20.0,Mujer,Soltero,Estudiante Universitario,Sí,"Facebook, Instagram, YouTube, Snapchat, Pinterest, TikTok",More than 5 hours,4.0,5.0,3.0,5.0,5.0,5.0,2.0,3.0,1.0,Medio,4.0,5.0
5/11/2022 20:36:35,21.0,Mujer,En una relación,Estudiante Universitario,Sí,"Facebook, Twitter, YouTube, Discord, Pinterest",More than 5 hours,3.0,2.0,1.0,2.0,3.0,1.0,1.0,3.0,1.0,Medio,3.0,2.0
5/11/2022 20:39:58,19.0,Mujer,Soltero,School Student,Sí,"Facebook, Twitter, Instagram, YouTube, Snapchat, Discord, Reddit, Pinterest, TikTok",More than 5 hours,3.0,2.0,1.0,5.0,2.0,3.0,1.0,3.0,1.0,Bajo,1.0,5.0
5/11/2022 20:41:44,20.0,Mujer,Soltero,Estudiante Universitario,Sí,"Facebook, Instagram, YouTube, Snapchat, Discord, Pinterest, TikTok",More than 5 hours,4.0,5.0,5.0,5.0,5.0,5.0,5.0,1.0,4.0,Muy Alto,5.0,5.0
5/11/2022 20:45:17,22.0,Mujer,Soltero,Estudiante Universitario,Sí,"Facebook, Twitter, Instagram, YouTube, Snapchat, Discord, Reddit, Pinterest, TikTok",Between 3 and 4 hours,5.0,4.0,3.0,4.0,4.0,3.0,2.0,3.0,4.0,Medio,3.0,4.0
5/11/2022 20:50:59,23.0,Hombre,Soltero,Estudiante Universitario,Sí,"YouTube, Discord, Reddit",Between 1 and 2 hours,2.0,2.0,1.0,5.0,5.0,5.0,1.0,3.0,1.0,Muy Alto,1.0,5.0
5/11/2022 20:51:35,21.0,Hombre,Soltero,Estudiante Universitario,Sí,"Facebook, Twitter, Instagram, YouTube, Discord, Reddit",Between 2 and 3 hours,4.0,4.0,4.0,5.0,5.0,4.0,4.0,2.0,3.0,Medio,4.0,3.0
5/11/2022 20:57:23,21.0,Mujer,En una relación,Estudiante Universitario,Sí,"Facebook, Instagram, YouTube, Snapchat, Discord, Pinterest, TikTok",Between 3 and 4 hours,5.0,4.0,2.0,5.0,5.0,4.0,4.0,3.0,3.0,Muy Alto,5.0,5.0
5/11/2022 20:58:35,22.0,Hombre,En una relación,Estudiante Universitario,Sí,"Facebook, Instagram, YouTube, Snapchat, Discord",Between 4 and 5 hours,5.0,5.0,3.0,5.0,5.0,5.0,5.0,5.0,5.0,Muy Alto,5.0,5.0
5/11/2022 21:02:15,26.0,Hombre,Soltero,Trabajador Asalariado,Sí,"Facebook, Instagram, YouTube, Discord",More than 5 hours,5.0,5.0,5.0,5.0,5.0,5.0,5.0,5.0,1.0,Muy Alto,5.0,5.0
5/11/2022 21:06:17,22.0,Mujer,En una relación,Estudiante Universitario,Sí,"Facebook, Instagram, YouTube, Discord",Between 2 and 3 hours,4.0,4.0,2.0,3.0,5.0,3.0,1.0,3.0,4.0,Muy Alto,2.0,2.0
5/11/2022 21:08:41,17.0,Hombre,Soltero,School Student,Sí,Discord,Between 2 and 3 hours,3.0,4.0,3.0,3.0,3.0,3.0,5.0,3.0,4.0,Muy Alto,3.0,4.0
5/11/2022 21:14:02,23.0,Hombre,Soltero,Estudiante Universitario,Sí,"Facebook, Instagram, YouTube, Discord, Pinterest, TikTok",More than 5 hours,4.0,3.0,3.0,4.0,5.0,4.0,5.0,4.0,4.0,Medio,4.0,5.0
5/11/2022 21:14:26,21.0,Hombre,Soltero,School Student,Sí,"Facebook, Instagram, YouTube, Discord, Reddit, Pinterest",Between 3 and 4 hours,2.0,4.0,2.0,4.0,5.0,4.0,5.0,4.0,4.0,Alto,3.0,3.0
5/11/2022 21:16:29,22.0,Mujer,Soltero,Estudiante Universitario,Sí,"Facebook, Instagram, YouTube, Snapchat",More than 5 hours,1.0,1.0,1.0,1.0,1.0,1.0,2.0,2.0,1.0,Bajo,1.0,2.0
5/11/2022 21:19:18,20.0,Hombre,Soltero,Estudiante Universitario,Sí,"Facebook, Twitter, Instagram, YouTube, Snapchat, Discord, TikTok",More than 5 hours,4.0,5.0,3.0,2.0,5.0,3.0,4.0,2.0,1.0,Muy Alto,4.0,5.0
5/11/2022 21:20:07,24.0,Mujer,Soltero,Estudiante Universitario,Sí,"Facebook, Twitter, Instagram, YouTube",Between 4 and 5 hours,4.0,4.0,3.0,4.0,4.0,4.0,3.0,3.0,3.0,Alto,4.0,4.0
5/11/2022 21:20:30,22.0,Mujer,Soltero,Estudiante Universitario,Sí,"Facebook, Instagram, YouTube, Snapchat",Between 3 and 4 hours,4.0,4.0,2.0,5.0,4.0,5.0,3.0,2.0,2.0,Medio,4.0,4.0
5/11/2022 21:22:00,24.0,Hombre,Soltero,Estudiante Universitario,Sí,"Facebook, Twitter, Instagram, YouTube, Discord",Between 3 and 4 hours,4.0,3.0,2.0,3.0,2.0,3.0,2.0,1.0,3.0,Bajo,3.0,2.0
5/11/2022 21:22:44,22.0,Mujer,Soltero,Estudiante Universitario,Sí,"Facebook, Instagram, YouTube, Snapchat, Pinterest",More than 5 hours,3.0,4.0,4.0,5.0,5.0,4.0,5.0,2.0,4.0,Muy Alto,4.0,4.0
5/11/2022 21:24:00,26.0,Hombre,En una relación,Estudiante Universitario,Sí,"Facebook, Twitter, Instagram, YouTube, Snapchat, Discord, Pinterest",Between 4 and 5 hours,3.0,3.0,2.0,2.0,4.0,2.0,2.0,3.0,4.0,Alto,2.0,2.0
5/11/2022 21:25:06,24.0,Mujer,En una relación,Trabajador Asalariado,Sí,"Facebook, Instagram, YouTube, Discord, Pinterest",Between 3 and 4 hours,2.0,1.0,1.0,2.0,4.0,2.0,1.0,1.0,3.0,Medio,2.0,4.0
5/11/2022 21:29:38,22.0,Mujer,Soltero,Estudiante Universitario,Sí,"Facebook, YouTube",Between 2 and 3 hours,3.0,4.0,1.0,2.0,2.0,3.0,3.0,3.0,3.0,Medio,4.0,4.0
5/11/2022 21:30:18,25.0,Mujer,En una relación,Estudiante Universitario,Sí,"Facebook, Instagram, YouTube, Snapchat, Discord",Between 3 and 4 hours,3.0,2.0,1.0,2.0,4.0,3.0,3.0,3.0,2.0,Alto,2.0,3.0
5/11/2022 21:32:12,21.0,Mujer,Soltero,Estudiante Universitario,Sí,"Facebook, Instagram, YouTube, Snapchat, Discord, Reddit, Pinterest, TikTok",Between 4 and 5 hours,4.0,5.0,3.0,4.0,4.0,5.0,2.0,3.0,3.0,Alto,5.0,4.0
5/11/2022 21:34:26,20.0,Mujer,En una relación,Estudiante Universitario,Sí,"Facebook, Instagram, YouTube, Snapchat, TikTok",Between 2 and 3 hours,4.0,4.0,4.0,4.0,4.0,4.0,5.0,5.0,4.0,Muy Alto,5.0,5.0
5/11/2022 21:35:12,22.0,Mujer,Soltero,Estudiante Universitario,Sí,"Facebook, Instagram, YouTube",Between 1 and 2 hours,3.0,3.0,1.0,3.0,1.0,1.0,1.0,3.0,5.0,Muy Bajo,1.0,1.0
5/11/2022 21:35:32,25.0,Mujer,En una relación,Trabajador Asalariado,Sí,"Facebook, Twitter, Instagram, YouTube, Snapchat, Pinterest",Between 2 and 3 hours,2.0,1.0,3.0,2.0,4.0,4.0,3.0,3.0,1.0,Bajo,1.0,1.0
5/11/2022 21:36:18,17.0,Hombre,Soltero,School Student,Sí,"Facebook, Discord",Between 4 and 5 hours,2.0,1.0,4.0,2.0,5.0,2.0,4.0,3.0,1.0,Alto,2.0,2.0
5/11/2022 21:38:40,22.0,Mujer,Soltero,Estudiante Universitario,Sí,"Facebook, Twitter, Instagram, YouTube",Between 2 and 3 hours,4.0,2.0,3.0,3.0,5.0,4.0,4.0,3.0,3.0,Alto,3.0,5.0
5/11/2022 21:45:23,26.0,Hombre,Soltero,Estudiante Universitario,Sí,"Facebook, Twitter, Instagram, YouTube, Reddit",Between 1 and 2 hours,3.0,4.0,2.0,4.0,4.0,4.0,2.0,2.0,1.0,Medio,3.0,2.0
5/11/2022 21:46:22,22.0,Mujer,Soltero,Estudiante Universitario,Sí,Facebook,Between 2 and 3 hours,2.0,3.0,2.0,3.0,3.0,3.0,4.0,3.0,3.0,Muy Alto,3.0,3.0
5/11/2022 21:46:44,23.0,Hombre,En una relación,Estudiante Universitario,Sí,"Facebook, Instagram, YouTube, Snapchat, Pinterest",Between 2 and 3 hours,3.0,4.0,5.0,3.0,5.0,3.0,3.0,3.0,3.0,Muy Alto,1.0,4.0
5/11/2022 21:47:23,25.0,Hombre,Soltero,Trabajador Asalariado,Sí,"Facebook, Instagram, YouTube, Snapchat",Between 2 and 3 hours,4.0,2.0,2.0,3.0,5.0,4.0,1.0,1.0,2.0,Muy Alto,5.0,5.0
5/11/2022 21:55:45,21.0,Hombre,Soltero,School Student,Sí,"Instagram, YouTube, Snapchat, Discord, Reddit",Between 2 and 3 hours,4.0,5.0,3.0,5.0,2.0,5.0,2.0,3.0,4.0,Alto,5.0,2.0
5/11/2022 21:56:01,30.0,Mujer,Soltero,Trabajador Asalariado,Sí,"Facebook, TikTok",Between 2 and 3 hours,4.0,5.0,4.0,3.0,3.0,5.0,4.0,3.0,1.0,Alto,4.0,5.0
5/11/2022 21:56:21,23.0,Mujer,Soltero,Estudiante Universitario,Sí,"Facebook, Instagram, YouTube",Between 3 and 4 hours,2.0,4.0,1.0,3.0,4.0,3.0,4.0,2.0,2.0,Medio,3.0,2.0
5/11/2022 21:56:34,22.0,Hombre,En una relación,Trabajador Asalariado,Sí,"Facebook, Twitter, Instagram, YouTube, Snapchat, Discord, Reddit, TikTok",Between 4 and 5 hours,4.0,5.0,4.0,5.0,5.0,4.0,3.0,3.0,3.0,Medio,4.0,2.0
5/11/2022 21:59:40,21.0,Mujer,En una relación,Estudiante Universitario,Sí,"Facebook, Instagram, YouTube",Between 4 and 5 hours,5.0,5.0,5.0,4.0,4.0,3.0,5.0,2.0,2.0,Muy Alto,4.0,3.0
5/11/2022 22:01:43,20.0,Mujer,En una relación,Estudiante Universitario,Sí,"Facebook, YouTube",Between 3 and 4 hours,5.0,3.0,2.0,4.0,2.0,2.0,1.0,3.0,5.0,Muy Bajo,4.0,1.0
5/11/2022 22:03:42,18.0,Mujer,Soltero,Estudiante Universitario,Sí,"Facebook, Instagram, YouTube, Snapchat, Discord, Pinterest",More than 5 hours,3.0,2.0,2.0,2.0,4.0,2.0,1.0,3.0,3.0,Bajo,3.0,4.0
5/11/2022 22:05:17,20.0,Mujer,Soltero,Estudiante Universitario,Sí,"Twitter, Instagram, YouTube",Between 3 and 4 hours,3.0,3.0,2.0,2.0,4.0,2.0,2.0,3.0,2.0,Bajo,3.0,1.0
5/11/2022 22:06:07,15.0,Mujer,Soltero,School Student,Sí,"Instagram, YouTube, Discord, Pinterest",Between 3 and 4 hours,4.0,3.0,1.0,3.0,5.0,3.0,3.0,3.0,1.0,Muy Alto,4.0,5.0
5/11/2022 22:07:03,22.0,Hombre,Soltero,Estudiante Universitario,Sí,"Facebook, Twitter, Instagram, YouTube, Snapchat, Discord, Reddit, Pinterest",More than 5 hours,5.0,3.0,2.0,3.0,5.0,5.0,1.0,3.0,1.0,Medio,4.0,5.0
5/11/2022 22:08:06,17.0,Mujer,Soltero,School Student,Sí,"Facebook, Instagram, YouTube, Snapchat, Pinterest, TikTok",More than 5 hours,2.0,5.0,4.0,5.0,3.0,5.0,2.0,2.0,3.0,Bajo,4.0,2.0
5/11/2022 22:10:28,21.0,Hombre,Soltero,Estudiante Universitario,Sí,"Facebook, Instagram",Between 1 and 2 hours,2.0,3.0,1.0,4.0,5.0,4.0,3.0,3.0,1.0,Muy Alto,5.0,5.0
5/11/2022 22:11:41,22.0,Mujer,Soltero,Estudiante Universitario,Sí,"Facebook, Twitter, Instagram, YouTube, Snapchat, TikTok",More than 5 hours,5.0,1.0,4.0,1.0,4.0,4.0,3.0,4.0,2.0,Alto,5.0,4.0
5/11/2022 22:11:39,23.0,Mujer,Casado,Estudiante Universitario,Sí,Facebook,More than 5 hours,4.0,3.0,3.0,4.0,4.0,5.0,4.0,4.0,3.0,Medio,3.0,4.0
5/11/2022 22:11:40,24.0,Hombre,Soltero,Estudiante Universitario,Sí,"Facebook, Twitter, Instagram, YouTube, Snapchat, Discord, Reddit, Pinterest",Between 3 and 4 hours,2.0,1.0,1.0,1.0,4.0,1.0,1.0,3.0,1.0,Medio,1.0,3.0
5/11/2022 22:14:03,21.0,Mujer,En una relación,Estudiante Universitario,Sí,"Facebook, Instagram, YouTube, Snapchat",More than 5 hours,4.0,5.0,4.0,5.0,3.0,5.0,3.0,3.0,2.0,Muy Alto,5.0,4.0
5/11/2022 22:20:02,22.0,Mujer,Soltero,Estudiante Universitario,Sí,"Facebook, Instagram, YouTube, Snapchat, Pinterest, TikTok",More than 5 hours,5.0,5.0,5.0,5.0,5.0,5.0,5.0,1.0,4.0,Muy Alto,5.0,5.0
5/11/2022 22:21:41,22.0,Mujer,Soltero,Estudiante Universitario,Sí,"Facebook, YouTube, Snapchat, Discord",More than 5 hours,5.0,5.0,5.0,5.0,5.0,5.0,5.0,5.0,5.0,Muy Alto,5.0,5.0
5/11/2022 22:21:52,21.0,Mujer,Soltero,Estudiante Universitario,Sí,"Facebook, Twitter, Instagram, YouTube, Snapchat, TikTok",More than 5 hours,3.0,4.0,5.0,4.0,5.0,4.0,5.0,5.0,3.0,Muy Alto,4.0,5.0
5/11/2022 22:21:54,21.0,Mujer,Soltero,Estudiante Universitario,Sí,"Facebook, Instagram, YouTube, Snapchat, Discord, Pinterest",More than 5 hours,3.0,3.0,2.0,2.0,4.0,4.0,4.0,3.0,3.0,Alto,2.0,4.0
5/11/2022 22:29:14,18.0,Hombre,Soltero,School Student,Sí,"Facebook, Twitter, Instagram, YouTube, Discord, Reddit, Pinterest",More than 5 hours,5.0,4.0,1.0,2.0,4.0,3.0,1.0,3.0,3.0,Medio,3.0,5.0
5/11/2022 22:30:25,19.0,Hombre,Soltero,Estudiante Universitario,Sí,"Facebook, Twitter, Instagram, YouTube, Snapchat, Discord",Less than an Hour,3.0,2.0,1.0,2.0,4.0,2.0,2.0,3.0,4.0,Bajo,2.0,5.0
5/11/2022 22:32:22,22.0,Hombre,Soltero,Estudiante Universitario,Sí,"Facebook, Twitter, Instagram, YouTube, Snapchat, Discord, Reddit",More than 5 hours,5.0,4.0,2.0,4.0,5.0,5.0,1.0,1.0,1.0,Muy Alto,1.0,5.0
5/11/2022 22:33:14,21.0,Non binary ,Soltero,Estudiante Universitario,Sí,"Facebook, Instagram, YouTube, Snapchat, Reddit, Pinterest, TikTok",More than 5 hours,4.0,2.0,3.0,5.0,5.0,4.0,4.0,3.0,5.0,Muy Alto,5.0,1.0
5/11/2022 22:33:56,21.0,Mujer,Soltero,Estudiante Universitario,Sí,"Facebook, Instagram, YouTube, Snapchat, Discord, TikTok",Between 3 and 4 hours,5.0,5.0,4.0,5.0,5.0,4.0,5.0,5.0,3.0,Muy Alto,3.0,5.0
5/11/2022 22:34:14,22.0,Hombre,Soltero,Estudiante Universitario,Sí,"Facebook, Instagram, YouTube, Discord, Pinterest",Between 2 and 3 hours,4.0,5.0,4.0,4.0,5.0,5.0,2.0,2.0,5.0,Muy Alto,5.0,4.0
5/11/2022 22:36:59,21.0,Mujer,Soltero,Estudiante Universitario,Sí,"Facebook, Instagram, Snapchat, Pinterest, TikTok",Between 2 and 3 hours,4.0,4.0,1.0,3.0,2.0,2.0,2.0,2.0,2.0,Alto,3.0,2.0
5/11/2022 22:38:29,23.0,Hombre,Casado,Estudiante Universitario,Sí,"Facebook, Twitter, Instagram, YouTube, Snapchat, Discord, Reddit, Pinterest, TikTok",Between 2 and 3 hours,5.0,4.0,3.0,5.0,4.0,5.0,3.0,2.0,2.0,Alto,4.0,4.0
5/11/2022 22:38:52,19.0,Hombre,Soltero,Estudiante Universitario,Sí,"Facebook, Twitter, Instagram, YouTube, Snapchat, Discord, Reddit, Pinterest, TikTok",Between 3 and 4 hours,4.0,2.0,2.0,2.0,3.0,1.0,2.0,5.0,1.0,Muy Bajo,3.0,4.0
5/11/2022 22:41:45,26.0,Hombre,Soltero,Trabajador Asalariado,Sí,"Facebook, Twitter, Instagram, YouTube, Snapchat, Discord, Reddit",Between 2 and 3 hours,4.0,3.0,2.0,4.0,3.0,3.0,4.0,3.0,1.0,Alto,2.0,2.0
5/11/2022 22:44:23,27.0,Hombre,Soltero,Trabajador Asalariado,Sí,"Facebook, Twitter, Instagram, YouTube, Reddit, Pinterest",Between 2 and 3 hours,5.0,5.0,2.0,2.0,1.0,1.0,2.0,4.0,1.0,Medio,2.0,3.0
5/11/2022 22:45:17,25.0,Mujer,Soltero,Estudiante Universitario,Sí,"Facebook, Instagram, YouTube, Pinterest, TikTok",More than 5 hours,5.0,5.0,4.0,4.0,5.0,1.0,2.0,2.0,3.0,Muy Alto,2.0,4.0
5/11/2022 22:46:45,20.0,Mujer,Soltero,Estudiante Universitario,Sí,"Facebook, Instagram, YouTube, Discord",Between 4 and 5 hours,3.0,3.0,3.0,3.0,3.0,3.0,3.0,3.0,3.0,Medio,3.0,3.0
5/11/2022 22:50:30,20.0,Mujer,Soltero,Estudiante Universitario,Sí,"Facebook, Twitter, Instagram, YouTube, Snapchat",More than 5 hours,4.0,2.0,4.0,3.0,5.0,4.0,1.0,3.0,2.0,Alto,4.0,2.0
5/11/2022 22:52:56,22.0,Hombre,Soltero,Estudiante Universitario,Sí,"Facebook, Twitter, Instagram, YouTube, Snapchat, Discord, Reddit, Pinterest",Between 3 and 4 hours,4.0,4.0,1.0,3.0,3.0,1.0,1.0,1.0,1.0,Muy Bajo,2.0,2.0
5/11/2022 22:54:32,18.0,Mujer,Soltero,School Student,Sí,"Facebook, Instagram, YouTube",Between 3 and 4 hours,5.0,5.0,2.0,5.0,4.0,5.0,5.0,2.0,4.0,Alto,5.0,5.0
5/11/2022 22:54:32,22.0,Hombre,En una relación,Estudiante Universitario,Sí,"Facebook, Instagram, YouTube, Snapchat, Discord, Reddit",Between 2 and 3 hours,4.0,3.0,2.0,3.0,4.0,3.0,2.0,4.0,1.0,Medio,1.0,3.0
5/11/2022 22:55:21,20.0,Hombre,Soltero,Trabajador Asalariado,Sí,"Facebook, Twitter, Instagram, Snapchat, Reddit",Between 1 and 2 hours,3.0,3.0,2.0,3.0,5.0,3.0,1.0,3.0,4.0,Muy Alto,3.0,2.0
5/11/2022 22:57:00,24.0,Hombre,Soltero,Trabajador Asalariado,Sí,"YouTube, Discord",More than 5 hours,5.0,3.0,5.0,5.0,4.0,5.0,1.0,3.0,1.0,Medio,5.0,1.0
5/11/2022 23:02:07,21.0,Hombre,Soltero,Estudiante Universitario,Sí,"Facebook, Instagram, YouTube",Between 4 and 5 hours,3.0,4.0,3.0,3.0,5.0,5.0,4.0,4.0,4.0,Medio,4.0,3.0
5/11/2022 23:11:25,29.0,Mujer,Soltero,Trabajador Asalariado,Sí,"Facebook, Instagram",Between 3 and 4 hours,5.0,3.0,1.0,3.0,5.0,3.0,2.0,2.0,1.0,Muy Alto,5.0,5.0
5/11/2022 23:12:21,21.0,Hombre,Soltero,Estudiante Universitario,Sí,"Facebook, Instagram, YouTube, Snapchat, Discord, TikTok",Between 1 and 2 hours,4.0,4.0,3.0,3.0,5.0,2.0,4.0,2.0,2.0,Bajo,4.0,5.0
5/11/2022 23:16:01,19.0,Mujer,Soltero,Estudiante Universitario,Sí,"Facebook, Instagram, YouTube, Snapchat, Discord, Reddit, Pinterest, TikTok",More than 5 hours,3.0,5.0,4.0,3.0,5.0,4.0,1.0,5.0,1.0,Muy Alto,5.0,5.0
5/11/2022 23:17:37,21.0,Mujer,En una relación,Estudiante Universitario,Sí,"Facebook, Instagram, YouTube, Snapchat, Discord",Between 2 and 3 hours,5.0,4.0,3.0,4.0,4.0,4.0,2.0,3.0,1.0,Muy Alto,4.0,2.0
5/11/2022 23:22:48,43.0,Hombre,Casado,Trabajador Asalariado,Sí,"Facebook, YouTube",Less than an Hour,2.0,1.0,1.0,1.0,1.0,1.0,1.0,3.0,3.0,Muy Bajo,1.0,1.0
5/11/2022 23:23:09,22.0,Mujer,Casado,Estudiante Universitario,Sí,"Facebook, Twitter, Instagram, YouTube, Snapchat, Discord, Reddit, Pinterest, TikTok",Between 4 and 5 hours,5.0,5.0,3.0,4.0,4.0,4.0,4.0,1.0,1.0,Alto,2.0,1.0
5/11/2022 23:27:00,24.0,Hombre,En una relación,Estudiante Universitario,Sí,"Facebook, Twitter, Instagram, YouTube, Snapchat, Discord, Reddit",Between 4 and 5 hours,4.0,5.0,3.0,5.0,5.0,5.0,1.0,3.0,1.0,Medio,2.0,1.0
5/11/2022 23:33:36,18.0,Mujer,Soltero,School Student,Sí,"Facebook, YouTube",More than 5 hours,5.0,5.0,3.0,3.0,5.0,4.0,1.0,3.0,1.0,Muy Alto,4.0,4.0
5/11/2022 23:34:52,19.0,Mujer,Soltero,Estudiante Universitario,Sí,"Facebook, Instagram, YouTube, Snapchat, Discord",Between 3 and 4 hours,4.0,3.0,1.0,3.0,4.0,4.0,2.0,3.0,1.0,Alto,3.0,5.0
5/11/2022 23:35:01,37.0,Mujer,En una relación,Trabajador Asalariado,Sí,"Facebook, YouTube",Between 1 and 2 hours,2.0,2.0,1.0,3.0,3.0,2.0,2.0,3.0,1.0,Medio,3.0,4.0
5/11/2022 23:37:28,24.0,Hombre,Soltero,Estudiante Universitario,Sí,"Facebook, Instagram, YouTube, Discord, Reddit",Between 4 and 5 hours,4.0,4.0,2.0,4.0,4.0,5.0,4.0,2.0,3.0,Medio,4.0,5.0
5/11/2022 23:38:27,29.0,Mujer,Soltero,Trabajador Asalariado,Sí,"Facebook, Twitter, Instagram, YouTube, Reddit, Pinterest",Between 1 and 2 hours,2.0,2.0,1.0,4.0,5.0,4.0,4.0,2.0,1.0,Muy Alto,2.0,4.0
5/11/2022 23:40:03,19.0,Hombre,Soltero,School Student,Sí,"Facebook, Instagram, YouTube, Snapchat, Discord, Reddit, TikTok",Between 4 and 5 hours,3.0,3.0,2.0,2.0,3.0,2.0,2.0,1.0,3.0,Bajo,2.0,2.0
5/11/2022 23:41:55,35.0,Hombre,Casado,Trabajador Asalariado,Sí,"Facebook, Instagram, YouTube, Discord",Less than an Hour,2.0,3.0,2.0,2.0,4.0,4.0,2.0,2.0,4.0,Medio,2.0,5.0
5/11/2022 23:43:43,22.0,Mujer,Soltero,Estudiante Universitario,Sí,"Twitter, Discord, Reddit",Between 2 and 3 hours,4.0,5.0,4.0,5.0,5.0,4.0,3.0,3.0,1.0,Alto,4.0,2.0
5/11/2022 23:54:50,23.0,Hombre,Soltero,Estudiante Universitario,Sí,"Facebook, Twitter, Instagram, YouTube, Snapchat, Discord, Pinterest",Between 1 and 2 hours,3.0,2.0,2.0,3.0,2.0,2.0,2.0,4.0,2.0,Medio,2.0,3.0
5/11/2022 23:59:06,22.0,Mujer,Soltero,Estudiante Universitario,Sí,"Twitter, Instagram, TikTok",More than 5 hours,5.0,5.0,5.0,4.0,4.0,4.0,2.0,3.0,2.0,Medio,4.0,1.0
5/12/2022 0:07:36,25.0,Hombre,Soltero,Trabajador Asalariado,Sí,"Facebook, Instagram, YouTube, Snapchat, Discord",Between 2 and 3 hours,4.0,4.0,1.0,5.0,5.0,3.0,5.0,2.0,2.0,Alto,3.0,5.0
5/12/2022 0:16:23,19.0,Hombre,Soltero,School Student,Sí,"Facebook, Instagram, YouTube, TikTok",Between 4 and 5 hours,3.0,3.0,4.0,3.0,3.0,3.0,4.0,3.0,3.0,Medio,3.0,2.0
5/12/2022 0:22:23,29.0,Mujer,Casado,Trabajador Asalariado,Sí,"Facebook, Instagram, YouTube, Pinterest",Between 1 and 2 hours,4.0,4.0,1.0,3.0,3.0,3.0,2.0,3.0,1.0,Bajo,2.0,4.0
5/12/2022 0:22:34,21.0,Mujer,En una relación,Estudiante Universitario,Sí,"Facebook, Twitter, Instagram, YouTube, Snapchat, Pinterest",Between 4 and 5 hours,4.0,5.0,3.0,3.0,3.0,3.0,5.0,1.0,4.0,Alto,3.0,5.0
5/12/2022 0:26:26,21.0,Hombre,En una relación,Estudiante Universitario,Sí,"Facebook, Instagram, YouTube, Snapchat, Discord",Between 4 and 5 hours,4.0,2.0,2.0,2.0,1.0,1.0,1.0,3.0,1.0,Bajo,2.0,2.0
5/12/2022 0:29:35,22.0,Mujer,Casado,Estudiante Universitario,Sí,"Facebook, Instagram, YouTube, Snapchat, Discord",Between 2 and 3 hours,3.0,2.0,1.0,1.0,1.0,3.0,1.0,1.0,2.0,Muy Bajo,2.0,2.0
5/12/2022 0:30:42,23.0,Mujer,Soltero,Estudiante Universitario,Sí,"Facebook, Twitter, Instagram, YouTube, Snapchat, Discord, Reddit, Pinterest, TikTok",Between 4 and 5 hours,5.0,4.0,2.0,4.0,5.0,5.0,5.0,1.0,4.0,Muy Alto,2.0,5.0
5/12/2022 0:32:26,22.0,Mujer,En una relación,Estudiante Universitario,Sí,"Facebook, Instagram, YouTube",Between 2 and 3 hours,4.0,5.0,4.0,5.0,3.0,5.0,4.0,3.0,2.0,Alto,4.0,4.0
5/12/2022 0:41:56,20.0,Hombre,Divorciado,Estudiante Universitario,Sí,"Facebook, Instagram, YouTube, Snapchat, Discord",More than 5 hours,5.0,5.0,5.0,5.0,5.0,5.0,5.0,5.0,5.0,Muy Alto,5.0,5.0
5/12/2022 0:49:37,22.0,There are others???,En una relación,Trabajador Asalariado,Sí,"Facebook, Instagram, YouTube, Snapchat",More than 5 hours,4.0,5.0,5.0,5.0,1.0,3.0,3.0,4.0,2.0,Muy Bajo,2.0,1.0
5/12/2022 0:52:26,27.0,Mujer,Soltero,Trabajador Asalariado,Sí,"Facebook, Instagram, Snapchat, Discord, Pinterest, TikTok",Between 3 and 4 hours,3.0,3.0,3.0,3.0,4.0,4.0,4.0,4.0,3.0,Muy Alto,3.0,4.0
5/12/2022 0:54:52,24.0,Hombre,Soltero,Trabajador Asalariado,Sí,"Facebook, Twitter, Instagram, YouTube, Snapchat, Discord, Reddit, Pinterest",More than 5 hours,5.0,2.0,2.0,2.0,4.0,2.0,2.0,3.0,3.0,Bajo,1.0,5.0
5/12/2022 0:55:49,21.0,Mujer,Casado,Estudiante Universitario,Sí,"Facebook, Instagram, YouTube, Snapchat",Between 1 and 2 hours,5.0,5.0,2.0,4.0,5.0,5.0,5.0,1.0,5.0,Alto,5.0,5.0
5/12/2022 1:12:04,23.0,Mujer,Soltero,Estudiante Universitario,Sí,"YouTube, Pinterest",Less than an Hour,3.0,2.0,1.0,1.0,2.0,1.0,1.0,2.0,2.0,Medio,4.0,3.0
5/12/2022 1:30:48,21.0,Mujer,Soltero,Estudiante Universitario,Sí,"Facebook, Twitter, Instagram, YouTube, Reddit, Pinterest",Between 3 and 4 hours,4.0,4.0,2.0,5.0,4.0,4.0,2.0,3.0,2.0,Medio,3.0,5.0
5/12/2022 1:36:02,23.0,Mujer,En una relación,Estudiante Universitario,Sí,"Facebook, Twitter, Instagram, YouTube, Snapchat",Between 2 and 3 hours,4.0,4.0,3.0,3.0,4.0,2.0,4.0,2.0,3.0,Bajo,2.0,1.0
5/12/2022 2:05:51,24.0,Mujer,En una relación,Estudiante Universitario,Sí,"Facebook, Twitter, Instagram, YouTube, Snapchat, Discord, Pinterest, TikTok",Between 4 and 5 hours,3.0,2.0,2.0,3.0,5.0,3.0,5.0,2.0,3.0,Muy Alto,5.0,4.0
5/12/2022 2:06:39,21.0,Hombre,Soltero,Estudiante Universitario,Sí,"Facebook, Twitter, Instagram, YouTube, Snapchat, Discord, Reddit, Pinterest, TikTok",Between 4 and 5 hours,3.0,2.0,2.0,3.0,4.0,3.0,1.0,3.0,2.0,Muy Alto,2.0,4.0
5/12/2022 2:09:25,30.0,Mujer,Soltero,Trabajador Asalariado,Sí,"Facebook, Instagram, YouTube",Between 2 and 3 hours,4.0,5.0,3.0,5.0,5.0,5.0,4.0,2.0,5.0,Alto,5.0,4.0
5/12/2022 2:10:08,23.0,Hombre,Soltero,Estudiante Universitario,Sí,"Facebook, Twitter, Instagram, YouTube, Snapchat, Discord, Reddit",Between 3 and 4 hours,3.0,4.0,2.0,2.0,5.0,4.0,5.0,5.0,5.0,Muy Alto,2.0,2.0
5/12/2022 2:18:39,22.0,Mujer,Soltero,Estudiante Universitario,Sí,"Facebook, Instagram, YouTube, Snapchat",More than 5 hours,4.0,3.0,3.0,3.0,2.0,2.0,3.0,3.0,1.0,Muy Bajo,3.0,2.0
5/12/2022 2:30:23,29.0,Mujer,Soltero,Estudiante Universitario,Sí,"Facebook, Instagram, YouTube, Snapchat, Pinterest, TikTok",More than 5 hours,5.0,5.0,3.0,5.0,4.0,5.0,5.0,3.0,3.0,Muy Alto,5.0,5.0
5/12/2022 3:02:05,20.0,Hombre,Soltero,Estudiante Universitario,Sí,"Instagram, YouTube, Discord, Reddit, Pinterest",Between 3 and 4 hours,4.0,3.0,2.0,3.0,5.0,5.0,5.0,5.0,5.0,Muy Alto,5.0,1.0
5/12/2022 3:24:01,26.7,Mujer,Soltero,Estudiante Universitario,Sí,"Facebook, YouTube",More than 5 hours,4.0,2.0,2.0,3.0,5.0,3.0,5.0,2.0,3.0,Alto,5.0,5.0
5/12/2022 3:24:27,24.0,Hombre,Soltero,Trabajador Asalariado,Sí,"Facebook, Twitter, Instagram, YouTube, Snapchat, Discord, Reddit, Pinterest, TikTok",Between 1 and 2 hours,3.0,4.0,1.0,3.0,3.0,2.0,3.0,3.0,4.0,Muy Alto,3.0,3.0
5/12/2022 3:26:43,26.0,Hombre,En una relación,Estudiante Universitario,Sí,"Facebook, Instagram, YouTube, Snapchat",Between 3 and 4 hours,4.0,5.0,3.0,4.0,4.0,4.0,5.0,1.0,2.0,Medio,4.0,3.0
5/12/2022 3:37:23,22.0,Hombre,Soltero,Estudiante Universitario,Sí,"Facebook, YouTube, Discord",Between 2 and 3 hours,5.0,4.0,2.0,3.0,3.0,4.0,3.0,4.0,1.0,Bajo,2.0,4.0
5/12/2022 3:47:42,23.0,Hombre,Soltero,Estudiante Universitario,Sí,"Facebook, Instagram, YouTube, Snapchat, Discord, Pinterest, TikTok",Between 4 and 5 hours,5.0,5.0,2.0,4.0,5.0,3.0,5.0,3.0,2.0,Medio,3.0,4.0
5/12/2022 3:57:27,19.0,Hombre,Soltero,School Student,Sí,"Facebook, Instagram, YouTube, Snapchat, Discord, Reddit, Pinterest",Between 4 and 5 hours,4.0,4.0,2.0,4.0,4.0,4.0,5.0,2.0,4.0,Bajo,4.0,4.0
5/12/2022 4:35:58,21.0,Mujer,Soltero,Estudiante Universitario,Sí,"Twitter, Instagram, YouTube, TikTok",Between 2 and 3 hours,3.0,4.0,3.0,4.0,4.0,4.0,5.0,1.0,2.0,Alto,4.0,2.0
5/12/2022 4:46:54,20.0,Mujer,Soltero,Estudiante Universitario,Sí,"Facebook, Instagram, YouTube, Snapchat, Discord, Reddit, Pinterest, TikTok",Between 4 and 5 hours,5.0,5.0,5.0,5.0,5.0,5.0,2.0,3.0,2.0,Alto,4.0,5.0
5/12/2022 5:24:57,22.0,Hombre,Soltero,Estudiante Universitario,Sí,"Facebook, Instagram, YouTube, Snapchat, Discord",More than 5 hours,4.0,4.0,4.0,4.0,2.0,3.0,2.0,3.0,4.0,Medio,3.0,4.0
5/12/2022 8:09:03,22.0,Hombre,Soltero,Estudiante Universitario,Sí,"Facebook, Twitter, Instagram, YouTube, Discord, Pinterest",More than 5 hours,3.0,3.0,3.0,4.0,5.0,5.0,4.0,3.0,1.0,Muy Alto,3.0,3.0
5/12/2022 8:41:58,23.0,Hombre,Soltero,Estudiante Universitario,Sí,"Facebook, Twitter, Instagram, YouTube, Snapchat, Discord, Reddit",More than 5 hours,5.0,4.0,4.0,5.0,5.0,5.0,2.0,3.0,1.0,Muy Alto,5.0,5.0
5/12/2022 9:25:58,22.0,Mujer,Soltero,Estudiante Universitario,Sí,"Facebook, Instagram, YouTube, Snapchat, Discord",More than 5 hours,4.0,5.0,5.0,5.0,5.0,5.0,5.0,2.0,4.0,Muy Alto,4.0,1.0
5/12/2022 10:10:34,20.0,Mujer,En una relación,School Student,Sí,"Facebook, Twitter, Instagram, YouTube, Snapchat, Discord, Pinterest, TikTok",More than 5 hours,5.0,4.0,2.0,3.0,3.0,2.0,1.0,3.0,3.0,Bajo,2.0,2.0
5/12/2022 10:57:37,27.0,Mujer,Casado,Trabajador Asalariado,Sí,"Facebook, Instagram, YouTube, Pinterest",Between 1 and 2 hours,4.0,2.0,1.0,2.0,3.0,1.0,2.0,3.0,4.0,Bajo,2.0,1.0
5/12/2022 11:06:19,22.0,Mujer,Soltero,Estudiante Universitario,Sí,"Facebook, Instagram, YouTube, Snapchat",More than 5 hours,5.0,4.0,4.0,4.0,4.0,4.0,2.0,4.0,3.0,Muy Alto,4.0,3.0
5/12/2022 11:06:52,21.0,Mujer,Soltero,Estudiante Universitario,Sí,Facebook,More than 5 hours,4.0,4.0,3.0,5.0,4.0,5.0,4.0,3.0,4.0,Muy Alto,5.0,5.0
5/12/2022 13:15:49,21.0,Mujer,Soltero,Estudiante Universitario,Sí,"Facebook, Twitter, Instagram, YouTube, Snapchat, Pinterest",Between 2 and 3 hours,2.0,1.0,4.0,2.0,2.0,2.0,3.0,3.0,2.0,Muy Bajo,4.0,4.0
5/12/2022 13:23:45,24.0,Mujer,Soltero,Estudiante Universitario,Sí,"Facebook, Instagram, YouTube, Snapchat",Between 4 and 5 hours,3.0,4.0,1.0,5.0,4.0,5.0,3.0,3.0,4.0,Muy Alto,5.0,5.0
5/12/2022 17:12:26,19.0,Hombre,Soltero,Estudiante Universitario,Sí,"Facebook, Twitter, Instagram, YouTube",Between 3 and 4 hours,4.0,2.0,3.0,3.0,4.0,3.0,2.0,2.0,2.0,Alto,4.0,3.0
5/12/2022 18:11:43,52.0,Hombre,Casado,Trabajador Asalariado,Sí,"Facebook, YouTube",Between 1 and 2 hours,2.0,2.0,3.0,3.0,3.0,2.0,3.0,2.0,2.0,Medio,2.0,4.0
5/12/2022 18:16:16,26.0,Hombre,Soltero,Estudiante Universitario,Sí,"Facebook, Instagram, YouTube, Reddit, Pinterest, TikTok",More than 5 hours,5.0,4.0,3.0,4.0,4.0,4.0,3.0,3.0,2.0,Medio,4.0,5.0
5/12/2022 18:33:15,44.0,Hombre,Casado,Trabajador Asalariado,Sí,Facebook,Less than an Hour,1.0,1.0,1.0,2.0,1.0,1.0,1.0,1.0,1.0,Muy Bajo,1.0,1.0
5/12/2022 18:36:06,44.0,Hombre,Casado,Trabajador Asalariado,Sí,Facebook,Less than an Hour,1.0,1.0,1.0,1.0,1.0,1.0,1.0,1.0,1.0,Muy Bajo,1.0,1.0
5/12/2022 18:58:32,19.0,Mujer,Soltero,Estudiante Universitario,Sí,"Facebook, YouTube, Discord, Pinterest",Between 3 and 4 hours,4.0,5.0,2.0,4.0,5.0,3.0,5.0,5.0,1.0,Muy Alto,4.0,5.0
5/12/2022 19:12:34,35.0,Hombre,Soltero,Trabajador Asalariado,Sí,"Facebook, Snapchat, Reddit",Between 3 and 4 hours,5.0,5.0,5.0,5.0,5.0,5.0,5.0,1.0,1.0,Muy Alto,5.0,5.0
5/12/2022 19:12:35,21.0,Mujer,En una relación,Estudiante Universitario,Sí,"Facebook, Instagram, Snapchat",More than 5 hours,3.0,5.0,2.0,5.0,3.0,5.0,4.0,2.0,4.0,Alto,3.0,3.0
5/12/2022 19:12:44,20.0,Mujer,Soltero,Estudiante Universitario,Sí,"Facebook, Instagram, TikTok",Between 4 and 5 hours,4.0,5.0,5.0,5.0,5.0,5.0,2.0,2.0,1.0,Alto,5.0,1.0
5/12/2022 19:15:46,24.0,Mujer,En una relación,Estudiante Universitario,Sí,"Facebook, Twitter, Instagram, YouTube, Reddit",More than 5 hours,5.0,2.0,4.0,2.0,5.0,1.0,3.0,2.0,4.0,Alto,2.0,5.0
5/12/2022 19:23:39,21.0,Mujer,Soltero,Estudiante Universitario,Sí,"Facebook, Instagram, YouTube, Reddit, Pinterest",Between 3 and 4 hours,4.0,4.0,3.0,5.0,5.0,5.0,5.0,1.0,1.0,Medio,3.0,1.0
5/12/2022 19:40:27,24.0,Hombre,Soltero,Estudiante Universitario,Sí,"Facebook, Instagram, YouTube, Discord, Reddit",More than 5 hours,3.0,4.0,4.0,4.0,3.0,3.0,2.0,3.0,1.0,Medio,3.0,3.0
5/12/2022 19:41:28,21.0,Mujer,En una relación,Estudiante Universitario,Sí,"Facebook, Instagram, YouTube, Snapchat",Between 3 and 4 hours,5.0,3.0,3.0,5.0,5.0,5.0,5.0,3.0,1.0,Muy Alto,4.0,5.0
5/12/2022 19:47:26,17.0,Hombre,Soltero,School Student,Sí,"Facebook, Instagram, YouTube, Discord",More than 5 hours,2.0,4.0,3.0,5.0,5.0,5.0,3.0,2.0,1.0,Muy Alto,4.0,5.0
5/12/2022 19:51:21,26.0,Mujer,En una relación,Estudiante Universitario,Sí,Facebook,Between 4 and 5 hours,4.0,4.0,2.0,4.0,3.0,4.0,3.0,3.0,2.0,Alto,3.0,4.0
5/12/2022 20:08:23,18.0,Hombre,Soltero,School Student,Sí,"Facebook, Twitter, Instagram, YouTube, Snapchat, Discord, TikTok",Between 3 and 4 hours,4.0,5.0,4.0,5.0,5.0,4.0,4.0,3.0,3.0,Muy Alto,3.0,5.0
5/12/2022 20:13:27,18.0,Mujer,Soltero,School Student,Sí,"Facebook, Instagram, YouTube, Discord",Between 3 and 4 hours,2.0,1.0,1.0,3.0,3.0,2.0,1.0,3.0,1.0,Bajo,2.0,2.0
5/12/2022 20:17:31,18.0,Mujer,En una relación,School Student,Sí,"Facebook, Instagram, YouTube, Snapchat, Reddit, Pinterest, TikTok",Between 3 and 4 hours,5.0,3.0,4.0,3.0,4.0,4.0,1.0,3.0,1.0,Medio,5.0,5.0
5/12/2022 21:00:17,23.0,Hombre,Soltero,Estudiante Universitario,Sí,"Facebook, Instagram, YouTube, Snapchat, Discord",Between 3 and 4 hours,3.0,4.0,2.0,4.0,5.0,4.0,2.0,3.0,2.0,Alto,3.0,3.0
5/12/2022 21:06:04,20.0,Hombre,Soltero,Estudiante Universitario,Sí,"Facebook, Instagram, YouTube, Snapchat, Discord",Between 1 and 2 hours,4.0,5.0,3.0,5.0,2.0,5.0,1.0,2.0,3.0,Medio,2.0,1.0
5/12/2022 21:10:04,23.0,Hombre,Soltero,Estudiante Universitario,Sí,"Facebook, Instagram, YouTube, Snapchat, Discord",More than 5 hours,4.0,4.0,3.0,4.0,5.0,4.0,4.0,3.0,2.0,Medio,3.0,5.0
5/12/2022 21:13:24,25.0,Hombre,En una relación,Estudiante Universitario,Sí,"Facebook, Twitter, Instagram, YouTube, Discord, Reddit, Pinterest",Less than an Hour,2.0,2.0,3.0,2.0,3.0,3.0,3.0,4.0,3.0,Bajo,2.0,4.0
5/12/2022 21:25:54,26.0,Hombre,Soltero,Trabajador Asalariado,Sí,"Facebook, Instagram, YouTube, Reddit",Between 2 and 3 hours,4.0,3.0,3.0,3.0,5.0,4.0,4.0,1.0,4.0,Muy Alto,5.0,4.0
5/12/2022 21:31:47,20.0,Hombre,En una relación,Estudiante Universitario,Sí,"Facebook, Twitter, Instagram, YouTube, Snapchat, Discord, TikTok",More than 5 hours,4.0,5.0,3.0,4.0,5.0,4.0,5.0,2.0,4.0,Alto,4.0,5.0
5/12/2022 21:33:52,19.0,Hombre,En una relación,School Student,Sí,"Facebook, Instagram, YouTube, Snapchat, Discord, Reddit, Pinterest",Between 1 and 2 hours,4.0,3.0,1.0,3.0,4.0,2.0,2.0,3.0,3.0,Muy Bajo,4.0,3.0
5/12/2022 21:45:23,17.0,Mujer,Soltero,School Student,Sí,"Facebook, Instagram, YouTube, Pinterest",Between 2 and 3 hours,4.0,1.0,3.0,2.0,5.0,4.0,5.0,5.0,1.0,Alto,4.0,1.0
5/12/2022 21:53:40,24.0,Mujer,Casado,Estudiante Universitario,Sí,"Facebook, Instagram, YouTube, Snapchat",Between 3 and 4 hours,4.0,3.0,5.0,3.0,3.0,5.0,4.0,2.0,3.0,Medio,3.0,3.0
5/12/2022 23:01:46,29.0,Mujer,Casado,Trabajador Asalariado,Sí,"Facebook, Instagram, YouTube, Pinterest",More than 5 hours,5.0,5.0,5.0,4.0,5.0,4.0,3.0,3.0,4.0,Alto,4.0,3.0
5/12/2022 23:13:03,30.0,Mujer,Casado,Jubilado,Sí,"Facebook, Instagram, YouTube",Between 3 and 4 hours,1.0,5.0,1.0,2.0,3.0,3.0,2.0,4.0,3.0,Medio,3.0,2.0
5/12/2022 23:56:57,21.0,Mujer,Soltero,Estudiante Universitario,Sí,"Facebook, Twitter, Instagram, YouTube, Snapchat, Discord, TikTok",Between 3 and 4 hours,4.0,5.0,4.0,4.0,5.0,5.0,5.0,1.0,3.0,Muy Alto,4.0,4.0
5/13/2022 0:15:32,23.0,Hombre,Soltero,Estudiante Universitario,Sí,"Facebook, Instagram, YouTube, Snapchat, Discord, Reddit, Pinterest",More than 5 hours,4.0,3.0,2.0,4.0,4.0,4.0,3.0,3.0,3.0,Muy Alto,5.0,5.0
5/13/2022 0:21:17,21.0,Hombre,Soltero,Estudiante Universitario,Sí,"Facebook, Instagram, YouTube, Snapchat, Discord, Reddit, Pinterest",More than 5 hours,5.0,5.0,2.0,3.0,4.0,3.0,4.0,4.0,4.0,Muy Alto,3.0,5.0
5/13/2022 0:27:42,20.0,Mujer,Soltero,Estudiante Universitario,Sí,"Facebook, Instagram, YouTube, Discord",More than 5 hours,3.0,5.0,3.0,5.0,5.0,5.0,5.0,5.0,5.0,Muy Alto,5.0,5.0
5/13/2022 1:06:00,21.0,Hombre,Soltero,Estudiante Universitario,Sí,"Facebook, Twitter, Instagram, YouTube, Snapchat, Discord, Reddit",Between 4 and 5 hours,4.0,3.0,2.0,5.0,5.0,4.0,5.0,1.0,3.0,Muy Alto,5.0,5.0
5/13/2022 1:16:02,22.0,Mujer,Soltero,Estudiante Universitario,Sí,YouTube,Between 4 and 5 hours,3.0,1.0,2.0,3.0,4.0,2.0,2.0,1.0,1.0,Alto,3.0,5.0
5/13/2022 1:20:52,22.0,Mujer,Soltero,Estudiante Universitario,Sí,"Facebook, Instagram",Between 2 and 3 hours,3.0,2.0,2.0,2.0,5.0,3.0,5.0,2.0,5.0,Medio,3.0,5.0
5/13/2022 1:25:09,22.0,Mujer,En una relación,Estudiante Universitario,Sí,"Facebook, Instagram, Snapchat",More than 5 hours,1.0,5.0,2.0,3.0,5.0,2.0,1.0,2.0,2.0,Medio,3.0,4.0
5/13/2022 1:27:34,27.0,Mujer,En una relación,Trabajador Asalariado,Sí,"Facebook, Instagram, YouTube, Reddit, TikTok",Between 4 and 5 hours,4.0,3.0,3.0,4.0,3.0,3.0,4.0,2.0,4.0,Bajo,1.0,2.0
5/13/2022 1:30:50,21.0,Hombre,Soltero,Estudiante Universitario,Sí,"Facebook, Instagram, YouTube",More than 5 hours,5.0,4.0,2.0,2.0,2.0,3.0,2.0,3.0,1.0,Bajo,2.0,5.0
5/13/2022 1:46:36,23.0,Hombre,En una relación,Estudiante Universitario,Sí,"Facebook, Instagram, YouTube, Snapchat, Discord, Reddit, TikTok",Between 4 and 5 hours,4.0,3.0,2.0,4.0,4.0,3.0,4.0,4.0,4.0,Alto,3.0,4.0
5/13/2022 1:50:36,22.0,Hombre,En una relación,Estudiante Universitario,Sí,"Facebook, Instagram, YouTube, Discord",Between 3 and 4 hours,4.0,4.0,5.0,4.0,2.0,4.0,3.0,3.0,4.0,Bajo,3.0,4.0
5/13/2022 3:51:19,21.0,Mujer,En una relación,Estudiante Universitario,Sí,YouTube,Between 3 and 4 hours,3.0,4.0,4.0,3.0,3.0,3.0,2.0,5.0,3.0,Muy Bajo,3.0,2.0
5/13/2022 4:00:54,23.0,Hombre,Soltero,Estudiante Universitario,Sí,"Facebook, YouTube, Discord, Reddit",Between 2 and 3 hours,4.0,2.0,1.0,2.0,3.0,2.0,3.0,3.0,1.0,Medio,2.0,2.0
5/13/2022 10:05:54,21.0,Mujer,Soltero,Estudiante Universitario,Sí,"Facebook, Twitter, Instagram, YouTube, Pinterest",More than 5 hours,4.0,5.0,3.0,4.0,4.0,4.0,3.0,3.0,4.0,Alto,4.0,3.0
5/13/2022 11:00:38,20.0,Hombre,Soltero,Estudiante Universitario,Sí,"Facebook, Instagram, YouTube",Between 4 and 5 hours,5.0,3.0,2.0,3.0,4.0,2.0,2.0,4.0,3.0,Medio,4.0,3.0
5/13/2022 11:12:46,23.0,Hombre,Soltero,Estudiante Universitario,Sí,"Facebook, Instagram, YouTube, Discord, Reddit, Pinterest",Between 1 and 2 hours,2.0,1.0,1.0,2.0,5.0,3.0,3.0,4.0,1.0,Medio,2.0,4.0
5/13/2022 13:43:00,22.0,Mujer,En una relación,Estudiante Universitario,Sí,"Facebook, Instagram, YouTube, Snapchat, Pinterest, TikTok",Between 3 and 4 hours,3.0,5.0,3.0,5.0,5.0,5.0,5.0,3.0,3.0,Muy Alto,4.0,5.0
5/13/2022 14:28:58,20.0,Mujer,En una relación,Estudiante Universitario,Sí,"Facebook, Instagram, YouTube, Snapchat",More than 5 hours,5.0,3.0,4.0,3.0,5.0,5.0,5.0,1.0,4.0,Muy Alto,5.0,3.0
5/13/2022 16:26:54,21.0,Hombre,Soltero,Estudiante Universitario,Sí,"Facebook, Instagram, YouTube, Snapchat, Discord",Between 3 and 4 hours,4.0,4.0,4.0,4.0,4.0,5.0,4.0,1.0,4.0,Alto,4.0,5.0
5/13/2022 16:32:03,25.0,Mujer,Soltero,Estudiante Universitario,Sí,"Facebook, Twitter, Instagram, YouTube, Pinterest",Between 2 and 3 hours,3.0,5.0,2.0,2.0,3.0,3.0,1.0,3.0,1.0,Bajo,4.0,5.0
5/13/2022 17:13:06,21.0,Mujer,Soltero,Estudiante Universitario,Sí,"Facebook, Instagram, Discord",Between 3 and 4 hours,2.0,2.0,1.0,4.0,4.0,4.0,2.0,1.0,1.0,Bajo,2.0,2.0
5/13/2022 17:32:46,28.0,Mujer,Soltero,Estudiante Universitario,Sí,"Facebook, Instagram, YouTube, Discord, Reddit",Between 4 and 5 hours,4.0,3.0,1.0,4.0,5.0,4.0,1.0,3.0,1.0,Alto,1.0,5.0
5/13/2022 19:02:51,22.0,Mujer,Soltero,Trabajador Asalariado,Sí,"Facebook, Instagram, YouTube, Snapchat, Discord, Reddit, Pinterest, TikTok",Between 3 and 4 hours,1.0,1.0,1.0,5.0,3.0,5.0,1.0,1.0,1.0,Medio,4.0,3.0
5/13/2022 19:48:20,60.0,Hombre,Soltero,Jubilado,Sí,"Facebook, YouTube",Between 2 and 3 hours,1.0,2.0,1.0,1.0,1.0,1.0,3.0,3.0,3.0,Muy Bajo,1.0,1.0
5/13/2022 20:50:29,49.0,Hombre,Casado,Trabajador Asalariado,Sí,"Facebook, YouTube, Pinterest",Less than an Hour,3.0,4.0,3.0,3.0,4.0,3.0,3.0,3.0,3.0,Medio,2.0,2.0
5/13/2022 21:40:01,34.0,Mujer,Casado,Trabajador Asalariado,Sí,"Facebook, Instagram, YouTube",Less than an Hour,2.0,1.0,1.0,1.0,1.0,1.0,3.0,4.0,1.0,Muy Bajo,2.0,1.0
5/13/2022 22:43:21,56.0,Hombre,Casado,Trabajador Asalariado,Sí,"Facebook, Twitter, YouTube, Pinterest",Between 2 and 3 hours,1.0,1.0,1.0,1.0,1.0,1.0,1.0,1.0,1.0,Muy Bajo,1.0,2.0
5/13/2022 23:36:54,51.0,Hombre,Casado,Trabajador Asalariado,Sí,"Facebook, Twitter, Instagram, YouTube",Between 1 and 2 hours,3.0,2.0,3.0,4.0,2.0,3.0,4.0,3.0,3.0,Bajo,2.0,4.0
5/14/2022 0:01:42,23.0,Mujer,Soltero,School Student,Sí,Facebook,Between 2 and 3 hours,3.0,3.0,3.0,3.0,3.0,2.0,2.0,3.0,3.0,Alto,2.0,2.0
5/14/2022 2:16:01,21.0,Mujer,Soltero,Estudiante Universitario,Sí,"Facebook, YouTube, Discord",Between 4 and 5 hours,3.0,5.0,3.0,3.0,3.0,2.0,3.0,3.0,1.0,Bajo,2.0,3.0
5/14/2022 7:11:35,50.0,Hombre,Casado,Estudiante Universitario,Sí,"Facebook, Instagram",Between 1 and 2 hours,1.0,1.0,1.0,1.0,1.0,1.0,1.0,1.0,1.0,Muy Bajo,1.0,1.0
5/14/2022 7:23:27,22.0,Mujer,Soltero,Estudiante Universitario,Sí,"Twitter, Instagram, YouTube",Between 3 and 4 hours,2.0,2.0,1.0,4.0,5.0,5.0,1.0,4.0,1.0,Medio,5.0,2.0
5/14/2022 11:26:56,28.0,Mujer,Casado,Trabajador Asalariado,Sí,"Facebook, Instagram, YouTube, Pinterest",Between 2 and 3 hours,5.0,4.0,1.0,5.0,4.0,5.0,2.0,2.0,2.0,Muy Alto,5.0,2.0
5/14/2022 11:44:03,13.0,Hombre,Soltero,School Student,Sí,"Instagram, YouTube, Discord",Between 4 and 5 hours,3.0,4.0,1.0,3.0,3.0,1.0,1.0,3.0,1.0,Medio,3.0,4.0
5/14/2022 11:46:09,14.0,Hombre,Soltero,School Student,Sí,"Instagram, Discord",Between 2 and 3 hours,3.0,4.0,2.0,4.0,3.0,2.0,1.0,3.0,1.0,Bajo,3.0,1.0
5/14/2022 12:12:16,13.0,Hombre,Soltero,School Student,Sí,"Twitter, Instagram, YouTube, Discord, Pinterest",More than 5 hours,4.0,4.0,3.0,4.0,2.0,4.0,2.0,3.0,2.0,Bajo,3.0,2.0
5/14/2022 13:40:14,23.0,Hombre,En una relación,School Student,Sí,"Facebook, Instagram, YouTube, Discord",Between 4 and 5 hours,2.0,4.0,2.0,3.0,4.0,4.0,1.0,3.0,1.0,Medio,2.0,3.0
5/14/2022 16:16:32,18.0,Hombre,Soltero,Estudiante Universitario,Sí,"Discord, Reddit",Between 1 and 2 hours,3.0,3.0,1.0,3.0,2.0,1.0,1.0,2.0,1.0,Muy Bajo,2.0,4.0
5/14/2022 17:33:37,18.0,Hombre,Soltero,School Student,Sí,Pinterest,More than 5 hours,2.0,3.0,1.0,3.0,5.0,3.0,5.0,1.0,2.0,Muy Alto,2.0,1.0
5/14/2022 17:33:57,15.0,Hombre,Soltero,School Student,Sí,"Instagram, YouTube, Discord, Reddit",Between 4 and 5 hours,1.0,1.0,1.0,3.0,3.0,3.0,3.0,3.0,3.0,Muy Bajo,1.0,1.0
5/15/2022 2:48:02,20.0,Mujer,Soltero,Estudiante Universitario,Sí,"Instagram, YouTube, Snapchat, Discord, Reddit, Pinterest, TikTok",Between 1 and 2 hours,2.0,2.0,1.0,3.0,5.0,3.0,5.0,1.0,2.0,Muy Alto,4.0,5.0
5/16/2022 20:20:31,20.0,Mujer,Soltero,Estudiante Universitario,Sí,"Facebook, Instagram, YouTube",More than 5 hours,5.0,4.0,2.0,4.0,5.0,3.0,1.0,3.0,2.0,Alto,3.0,4.0
5/17/2022 17:12:19,35.0,Mujer,Casado,Trabajador Asalariado,Sí,"Facebook, Instagram, YouTube",Between 1 and 2 hours,3.0,2.0,2.0,3.0,3.0,2.0,1.0,2.0,2.0,Bajo,4.0,4.0
5/18/2022 2:12:59,26.0,Mujer,Casado,Estudiante Universitario,Sí,"Facebook, YouTube, TikTok",Between 2 and 3 hours,4.0,4.0,3.0,3.0,4.0,4.0,4.0,5.0,3.0,Alto,3.0,4.0
5/21/2022 22:19:10,30.0,Mujer,Casado,Trabajador Asalariado,Sí,"Facebook, Instagram, YouTube",Between 4 and 5 hours,2.0,4.0,4.0,3.0,4.0,5.0,4.0,2.0,2.0,Alto,2.0,1.0
5/21/2022 22:33:02,32.0,Mujer,Casado,Trabajador Asalariado,Sí,"Facebook, Instagram",Between 3 and 4 hours,5.0,5.0,3.0,5.0,5.0,5.0,5.0,1.0,4.0,Muy Alto,5.0,4.0
5/21/2022 23:38:28,24.0,Hombre,Soltero,Trabajador Asalariado,Sí,"Facebook, Instagram, YouTube",Between 2 and 3 hours,3.0,4.0,3.0,4.0,3.0,4.0,4.0,2.0,4.0,Medio,4.0,4.0
5/22/2022 0:01:05,26.0,Mujer,Casado,Trabajador Asalariado,Sí,"Facebook, YouTube",Between 1 and 2 hours,2.0,1.0,2.0,3.0,4.0,4.0,4.0,2.0,4.0,Alto,4.0,1.0
5/22/2022 10:29:21,29.0,Mujer,Casado,Trabajador Asalariado,Sí,"Facebook, YouTube",Between 2 and 3 hours,3.0,3.0,4.0,3.0,2.0,3.0,3.0,3.0,4.0,Bajo,2.0,2.0
7/14/2022 19:33:47,21.0,Hombre,Soltero,Estudiante Universitario,Sí,"Facebook, Twitter, Instagram, YouTube, Discord, Pinterest",Between 2 and 3 hours,2.0,3.0,2.0,3.0,3.0,2.0,2.0,3.0,4.0,Alto,5.0,4.0
11/12/2022 13:16:50,53.0,Hombre,Casado,Trabajador Asalariado,Sí,"Facebook, YouTube",Less than an Hour,2.0,3.0,1.0,3.0,1.0,1.0,3.0,3.0,2.0,Bajo,2.0,3.0
